datasheet_id|line|description|
000000001|1|1 Warboss|
000000002|1|1 Warboss in Mega Armour|
000000003|1|1 Warboss on Warbike|
000000004|1|1 Weirdboy|
000000006|1|1 Big Mek in Mega Armour|
000000007|1|1 Big Mek on Warbike|
000000008|1|1 Ghazghkull Thraka – <span class="kwb">EPIC</span> <span class="kwb">HERO</span>|
000000008|2|1 Makari|
000000009|1|1 Kaptin Badrukk – <span class="kwb">EPIC</span> <span class="kwb">HERO</span>|
000000010|1|1 Boss Zagstruk – <span class="kwb">EPIC</span> <span class="kwb">HERO</span>|
000000011|1|1 Boss Snikrot – <span class="kwb">EPIC</span> <span class="kwb">HERO</span>|
000000012|1|1 Mek|
000000013|1|1 Painboy|
000000014|1|1 Painboy on Warbike|
000000015|1|1 Mad Dok Grotsnik – <span class="kwb">EPIC</span> <span class="kwb">HERO</span>|
000000016|1|1 Boss Nob|
000000016|2|9-19 Boyz|
000000017|1|1 Runtherd and 10 Gretchin|
000000017|2|OR|
000000017|3|2 Runtherds and 20 Gretchin|
000000019|1|1-2 Spanners|
000000019|2|4-8 Burna Boyz|
000000020|1|1 Boss Nob|
000000020|2|5 Tankbustas|
000000021|1|1 Boss Nob|
000000021|2|4-9 Nobz|
000000022|1|1 Nob with Waaagh! Banner|
000000023|1|3 Nobz on Warbikes|
000000024|1|2-6 Meganobz|
000000025|1|1 Boss Nob|
000000025|2|9 Kommandos|
000000026|1|1 Trukk|
000000027|1|1 Boss Nob|
000000027|2|4-9 Stormboyz|
000000028|1|3-6 Deffkoptas|
000000029|1|1 Dakkajet|
000000030|1|1 Burna-bommer|
000000031|1|1 Blitza-bommer|
000000032|1|1 Wazbom Blastajet|
000000033|1|1 Boss Nob on Warbike|
000000033|2|2-5 Warbikers|
000000034|1|1-2 Wartrakks|
000000035|1|1-2 Skorchas|
000000036|1|1-2 Warbuggies|
000000037|1|1-2 Big Gunz|
000000038|1|1-3 Mek Gunz|
000000039|1|1 Battlewagon|
000000040|1|1 Deff Dread|
000000041|1|3-6 Killa Kans|
000000042|1|1 Morkanaut|
000000043|1|1 Gorkanaut|
000000044|1|1-2 Spanners|
000000044|2|4-8 Lootas|
000000045|1|1 Kaptin|
000000045|2|4-9 Flash Gitz|
000000046|1|1 Stompa|
000000049|1|4-8 Grot Tanks|
000000050|1|1 Grot Mega-Tank|
000000051|1|1 Squiggoth|
000000052|1|1 Meka-Dread|
000000053|1|1 Lifta Wagon|
000000054|1|1 Big Trakk|
000000055|1|1 Kannonwagon|
000000056|1|1 Kill Tank|
000000057|1|1 Chinork Warkopta|
000000059|1|1 Gargantuan Squiggoth|
000000060|1|1 Apothecary Biologis|
000000061|1|1 Assault Sergeant|
000000061|2|4-9 Assault Marines|
000000063|1|1 Apothecary on Bike|
000000064|1|1 Assault Sergeant with Jump Pack|
000000064|2|4-9 Assault Marines with Jump Packs|
000000065|1|1 Land Raider|
000000066|1|1 Land Raider Crusader|
000000067|1|1 Land Raider Excelsior|
000000068|1|1 Suppressor Sergeant|
000000068|2|2 Suppressors|
000000070|1|1 Tactical Sergeant|
000000070|2|9 Tactical Marines|
000000071|1|1 Bladeguard Veteran Sergeant|
000000071|2|2-5 Bladeguard Veterans|
000000072|1|1 Caestus Assault Ram|
000000073|1|1 Captain|
000000076|1|1 Lieutenant with Combi-weapon|
000000079|1|1 Librarian in Terminator Armour|
000000081|1|1 Captain Sicarius – <span class="kwb">EPIC</span> <span class="kwb">HERO</span>|
000000083|1|1 Captain with Jump Pack|
000000084|1|1 Stormhawk Interceptor|
000000085|1|1 Rhino Primaris|
000000086|1|1-2 Firestrike Servo-turrets|
000000087|1|1 Drop Pod|
000000091|1|1 Ballistus Dreadnought|
000000092|1|1 Sicaran Venator|
000000093|1|1 Typhon|
000000094|1|1 Chaplain on Bike|
000000095|1|1 Chapter Champion|
000000095|2|1 Ancient|
000000095|3|2 Honour Guard|
000000096|1|1 Carab Culln the Risen – <span class="kwb">EPIC</span> <span class="kwb">HERO</span>|
000000097|1|1 Hammerfall Bunker|
000000098|1|1 Tarantula Sentry Battery|
000000099|1|1 Tarantula Air Defence Battery|
000000103|1|1 Eradicator Sergeant|
000000103|2|2-5 Eradicators|
000000104|1|1 Relic Terminator Sergeant|
000000104|2|4-9 Relic Terminators|
000000107|1|1 Javelin Attack Speeder|
000000110|1|1 Rapier Carrier|
000000111|1|1 Mortis Dreadnought|
000000112|1|1 Chaplain with Jump Pack|
000000113|1|1 Storm Eagle Gunship|
000000114|1|1 Storm Speeder Hammerstrike|
000000115|1|1 Chaplain in Terminator Armour|
000000116|1|1 Biker Sergeant|
000000116|2|2-5 Space Marine Bikers|
000000116|3|0-1 Attack Bike|
000000117|1|1 Dreadnought|
000000118|1|1 Assault Terminator Sergeant|
000000118|2|4-9 Assault Terminators|
000000119|1|1 Librarian in Phobos Armour|
000000120|1|1 Venerable Dreadnought|
000000121|1|1 Uriel Ventris – <span class="kwb">EPIC</span> <span class="kwb">HERO</span>|
000000122|1|1 Dreadnought Drop Pod|
000000123|1|1 Sicaran Punisher|
000000124|1|1 Storm Speeder Hailstrike|
000000125|1|1 Inceptor Sergeant|
000000125|2|2-5 Inceptors|
000000126|1|1 Infernus Sergeant|
000000126|2|4-9 Infernus Marines|
000000127|1|1 Iron Father Feirros – <span class="kwb">EPIC</span> <span class="kwb">HERO</span>|
000000128|1|1 Infiltrator Sergeant|
000000128|2|4-9 Infiltrators|
000000129|1|1 Razorback|
000000131|1|1 Leviathan Dreadnought|
000000132|1|1 Land Speeder Storm|
000000134|1|4 Astartes Servitors|
000000135|1|1 Captain in Terminator Armour|
000000136|1|1 Brutalis Dreadnought|
000000137|1|1 Scout Biker Sergeant|
000000137|2|2-5 Scout Bikers|
000000138|1|1 Roboute Guilliman – <span class="kwb">EPIC</span> <span class="kwb">HERO</span>|
000000139|1|1 Thunderhawk Gunship|
000000140|1|1 Techmarine|
000000146|1|1 Hunter|
000000147|1|1 Vanguard Veteran Sergeant with Jump Pack|
000000147|2|4-9 Vanguard Veterans with Jump Packs|
000000148|1|1 Imperial Space Marine|
000000151|1|1 Commander Dante – <span class="kwb">EPIC</span> <span class="kwb">HERO</span>|
000000152|1|1 Captain Tycho – <span class="kwb">EPIC</span> <span class="kwb">HERO</span>|
000000153|1|1 Tycho the Lost – <span class="kwb">EPIC</span> <span class="kwb">HERO</span>|
000000154|1|1 Librarian Dreadnought|
000000155|1|1 Chief Librarian Mephiston – <span class="kwb">EPIC</span> <span class="kwb">HERO</span>|
000000156|1|1 The Sanguinor – <span class="kwb">EPIC</span> <span class="kwb">HERO</span>|
000000157|1|1 Astorath – <span class="kwb">EPIC</span> <span class="kwb">HERO</span>|
000000158|1|1 Sanguinary Priest|
000000159|1|1 Sanguinary Priest on Bike|
000000160|1|1 Brother Corbulo – <span class="kwb">EPIC</span> <span class="kwb">HERO</span>|
000000164|1|1 Lemartes – <span class="kwb">EPIC</span> <span class="kwb">HERO</span>|
000000165|1|3-6 Sanguinary Guard|
000000166|1|1 Death Company Dreadnought|
000000167|1|1 Furioso Dreadnought|
000000168|1|1 Baal Predator|
000000169|1|1 Gabriel Seth – <span class="kwb">EPIC</span> <span class="kwb">HERO</span>|
000000218|1|1 Azrael – <span class="kwb">EPIC</span> <span class="kwb">HERO</span>|
000000219|1|1 Belial – <span class="kwb">EPIC</span> <span class="kwb">HERO</span>|
000000225|1|1 Asmodai – <span class="kwb">EPIC</span> <span class="kwb">HERO</span>|
000000226|1|1 Ezekiel – <span class="kwb">EPIC</span> <span class="kwb">HERO</span>|
000000230|1|1 Deathwing Sergeant|
000000230|2|4-9 Deathwing Terminators|
000000231|1|1 Knight Master|
000000231|2|4 Deathwing Knights|
000000238|1|1 Ravenwing Darkshroud|
000000239|1|1 Nephilim Jetfighter|
000000240|1|1 Ravenwing Dark Talon|
000000241|1|1 Ravenwing Huntmaster|
000000241|2|2-5 Ravenwing Black Knights|
000000242|1|1 Land Speeder Vengeance|
000000243|1|1 Fortress of Redemption|
000000282|1|1 Logan Grimnar – <span class="kwb">EPIC</span> <span class="kwb">HERO</span>|
000000283|1|1 Logan Grimnar on Stormrider – <span class="kwb">EPIC</span> <span class="kwb">HERO</span>|
000000284|1|1 Wolf Lord on Thunderwolf|
000000285|1|1 Ragnar Blackmane – <span class="kwb">EPIC</span> <span class="kwb">HERO</span>|
000000286|1|1 Krom Dragongaze|
000000287|1|1 Harald Deathwolf – <span class="kwb">EPIC</span> <span class="kwb">HERO</span>|
000000288|1|1 Canis Wolfborn – <span class="kwb">EPIC</span> <span class="kwb">HERO</span>|
000000292|1|1 Njal Stormcaller – <span class="kwb">EPIC</span> <span class="kwb">HERO</span>|
000000297|1|1 Ulrik the Slayer – <span class="kwb">EPIC</span> <span class="kwb">HERO</span>|
000000300|1|1 Wolf Guard Battle Leader in Terminator Armour|
000000301|1|1 Wolf Guard Battle Leader on Thunderworlf|
000000302|1|1 Bjorn the Fell-Handed– <span class="kwb">EPIC</span> <span class="kwb">HERO</span>|
000000303|1|1 Blood Claw Pack Leader|
000000303|2|9-14 Blood Claws|
000000304|1|1 Lukas the Trickster – <span class="kwb">EPIC</span> <span class="kwb">HERO</span>|
000000305|1|1 Grey Hunter Pack Leader|
000000305|2|4-9 Grey Hunters|
000000306|1|1 Iron Priest|
000000308|1|1 Iron Priest on Thunderwolf|
000000310|1|1 Wolf Scout Pack Leader|
000000310|2|4-9 Wolf Scouts|
000000311|1|1 Wulfen Pack Leader|
000000311|2|4-9 Wulfen|
000000314|1|1 Murderfang – <span class="kwb">EPIC</span> <span class="kwb">HERO</span>|
000000315|1|1 Wolf Guard Pack Leader|
000000315|2|4-9 Wolf Guard|
000000317|1|1 Arjac Rockfist – <span class="kwb">EPIC</span> <span class="kwb">HERO</span>|
000000318|1|1 Wolf Guard Terminator Pack Leader|
000000318|2|4-9 Wolf Guard Terminators|
000000321|1|1 Stormwolf|
000000322|1|1 Thunderwolf Cavalry Pack Leader|
000000322|2|2-5 Thunderwolf Cavalry|
000000323|1|5-10 Fenrisian Wolves|
000000324|1|1 Skyclaw Pack Leader|
000000324|2|4-14 Skyclaws|
000000325|1|1 Stormfang Gunship|
000000326|1|1 Long Fang Pack Leader|
000000326|2|4-5 Long Fangs|
000000358|1|1 Corvus Blackstar|
000000373|1|1 Kaldor Draigo – <span class="kwb">EPIC</span> <span class="kwb">HERO</span>|
000000374|1|1 Grand Master Voldus – <span class="kwb">EPIC</span> <span class="kwb">HERO</span>|
000000375|1|1 Grand Master|
000000376|1|1 Brother-Captain|
000000377|1|1 Brother-Captain Stern – <span class="kwb">EPIC</span> <span class="kwb">HERO</span>|
000000379|1|1 Brotherhood Champion|
000000380|1|1 Castellan Crowe – <span class="kwb">EPIC</span> <span class="kwb">HERO</span>|
000000381|1|1 Justicar|
000000381|2|4-9 Grey Knights|
000000382|1|1 Terminator Justicar|
000000382|2|4-9 Brotherhood Terminators|
000000383|1|1 Knight of the Flame|
000000383|2|4-9 Purifiers|
000000384|1|1 Paragon|
000000384|2|4-9 Paladins|
000000387|1|1 Interceptor Justicar|
000000387|2|4-9 Interceptors|
000000388|1|1 Purgator Justicar|
000000388|2|4-9 Purgators|
000000389|1|1 Nemesis Dreadknight|
000000390|1|1 Grey Knights Dreadnought|
000000391|1|1 Land Raider|
000000392|1|1 Land Raider Crusader|
000000393|1|1 Land Raider Redeemer|
000000395|1|1 Razorback|
000000396|1|1 Rhino|
000000397|1|4 Servitors|
000000398|1|1 Stormraven Gunship|
000000399|1|1 Brotherhood Techmarine|
000000400|1|1 Venerable Dreadnought|
000000402|1|1 Commander in Coldstar Battlesuit|
000000403|1|4-12 Tactical Drones|
000000404|1|1 Ethereal|
000000405|1|1 Cadre Fireblade|
000000406|1|1 Commander Farsight – <span class="kwb">EPIC</span> <span class="kwb">HERO</span>|
000000407|1|1 Commander Shadowsun – <span class="kwb">EPIC</span> <span class="kwb">HERO</span>|
000000408|1|1 Aun’Shi – <span class="kwb">EPIC</span> <span class="kwb">HERO</span>|
000000409|1|1 Aun’Va – <span class="kwb">EPIC</span> <span class="kwb">HERO</span>|
000000409|2|2 Ethereal Guards|
000000410|1|1 Darkstrider – <span class="kwb">EPIC</span> <span class="kwb">HERO</span>|
000000411|1|1 Fire Warrior Shas’ui|
000000411|2|9 Fire Warriors|
000000412|1|1 Breacher Fire Warrior Shas’ui|
000000412|2|9 Breacher Fire Warriors|
000000413|1|1 Long-quill|
000000413|2|9-19 Kroot Carnivores|
000000414|1|1-3 Krootox Riders|
000000415|1|5-10 Kroot Hounds|
000000417|1|1 Stealth Shas’vre|
000000417|2|2-5 Stealth Shas’ui|
000000418|1|1 Crisis Shas’vre|
000000418|2|2-5 Crisis Shas’ui|
000000420|1|1 Ghostkeel Battlesuit|
000000421|1|1 Riptide Battlesuit|
000000422|1|1 Pathfinder Shas’ui|
000000422|2|9 Pathfinders|
000000423|1|1-3 Piranhas|
000000424|1|1 Devilfish|
000000425|1|1 Razorshark Strike Fighter|
000000426|1|1 Sun Shark Bomber|
000000427|1|1 Vespid Strain Leader|
000000427|2|4-9 Vespid Stingwings|
000000428|1|1 Firesight Marksman|
000000430|1|1 Sky Ray Gunship|
000000431|1|1 Longstrike – <span class="kwb">EPIC</span> <span class="kwb">HERO</span>|
000000432|1|1 Hammerhead Gunship|
000000433|1|1 Broadside Shas’vre|
000000433|2|0-2 Broadside Shas’ui|
000000434|1|1 Stormsurge|
000000435|1|1 Tidewall Droneport|
000000436|1|1 Tidewall Shieldline|
000000437|1|1 Tidewall Gunrig|
000000439|1|1 Shas'o R'alai – <span class="kwb">EPIC</span> <span class="kwb">HERO</span>|
000000443|1|1-2 XV9 Hazard Battlesuits|
000000444|1|1 Y’vahra Battlesuit|
000000445|1|1 R’varna Battlesuit|
000000446|1|1 Ta’unar Supremacy Armour|
000000447|1|2-4 Tetras|
000000448|1|1 TX42 Piranha|
000000449|1|2 Heavy Gun Drones|
000000452|1|2 Remora Stealth Drones|
000000453|1|1 Barracuda|
000000454|1|1 Tiger Shark|
000000455|1|1 AX-1-0 Tiger Shark|
000000456|1|1 Orca Dropship|
000000457|1|1 Manta|
000000458|1|1 Remote Sensor Tower|
000000459|1|1 Drone Sentry Turret|
000000460|1|1 Hive Tyrant|
000000461|1|1 Swarmlord – <span class="kwb">EPIC</span> <span class="kwb">HERO</span>|
000000462|1|1 Old One Eye – <span class="kwb">EPIC</span> <span class="kwb">HERO</span>|
000000463|1|1 Broodlord|
000000465|1|1 Tervigon|
000000467|1|5-10 Genestealers|
000000468|1|10-20 Termagants|
000000469|1|10-20 Hormagaunts|
000000470|1|1-3 Ripper Swarms|
000000471|1|3-6 Tyrant Guard|
000000472|1|3-6 Hive Guard|
000000473|1|1 Lictor|
000000474|1|1 Maleceptor|
000000475|1|1 Neurothrope|
000000475|2|2-5 Zoanthropes|
000000476|1|3-6 Venomthropes|
000000477|1|1-3 Pyrovores|
000000478|1|1 Haruspex|
000000479|1|1 Deathleaper – <span class="kwb">EPIC</span> <span class="kwb">HERO</span>|
000000482|1|3-6 Raveners|
000000483|1|3 Sky-slasher Swarms|
000000484|1|10-20 Gargoyles|
000000485|1|1 Harpy|
000000486|1|1 Hive Crone|
000000487|1|1-2 Mucolid Spores|
000000488|1|3-6 Spore Mines|
000000489|1|1 Tyrannocyte|
000000490|1|1-2 Carnifexes|
000000491|1|1-3 Biovores|
000000493|1|1 Trygon|
000000494|1|1 Mawloc|
000000495|1|1 Exocrine|
000000496|1|1 Tyrannofex|
000000497|1|1 Toxicrene|
000000498|1|1 Sporocyst|
000000499|1|1 Malanthrope|
000000500|1|1 Dimachaeron|
000000503|1|1 Barbed Hierodule|
000000504|1|1 Harridan|
000000505|1|1 Hierophant|
000000506|1|1 Scythed Hierodule|
000000507|1|1 Patriarch|
000000508|1|1 Magus|
000000509|1|1 Primus|
000000510|1|1 Acolyte Iconward|
000000511|1|1 Acolyte Leader|
000000511|2|4-9 Acolyte Hybrids|
000000512|1|1 Neophyte Leader|
000000512|2|9-19 Neophyte Hybrids|
000000513|1|1 Metamorph Leader|
000000513|2|4-9 Hybrid Metamorphs|
000000514|1|1 Aberrant Hypermorph|
000000514|2|4-9 Aberrants|
000000515|1|5-10 Purestrain Genestealers|
000000516|1|1 Goliath Truck|
000000521|1|1 Goliath Rockgrinder|
000000522|1|1 Imotekh the Stormlord – <span class="kwb">EPIC</span> <span class="kwb">HERO</span>|
000000523|1|1 Overlord|
000000524|1|1 Lord|
000000527|1|1 Nemesor Zahndrekh – <span class="kwb">EPIC</span> <span class="kwb">HERO</span>|
000000528|1|1 Vargard Obyron – <span class="kwb">EPIC</span> <span class="kwb">HERO</span>|
000000530|1|1 Orikan the Diviner – <span class="kwb">EPIC</span> <span class="kwb">HERO</span>|
000000531|1|1 Anrakyr the Traveller – <span class="kwb">EPIC</span> <span class="kwb">HERO</span>|
000000532|1|1 Trazyn the Infinite – <span class="kwb">EPIC</span> <span class="kwb">HERO</span>|
000000533|1|1 Catacomb Command Barge|
000000534|1|10-20 Necron Warriors|
000000535|1|5-10 Immortals|
000000536|1|5-10 Lychguard|
000000537|1|5-10 Deathmarks|
000000538|1|5-10 Flayed Ones|
000000539|1|5-10 Triarch Praetorians|
000000540|1|1 Triarch Stalker|
000000541|1|1 C’tan Shard of the Nightbringer – <span class="kwb">EPIC</span> <span class="kwb">HERO</span>|
000000542|1|1 C’tan Shard of the Deceiver – <span class="kwb">EPIC</span> <span class="kwb">HERO</span>|
000000543|1|1 Ghost Ark|
000000544|1|1 Night Scythe|
000000545|1|1 Doom Scythe|
000000546|1|3-6 Canoptek Wraiths|
000000548|1|3-6 Tomb Blades|
000000551|1|1-2 Canoptek Spyders|
000000552|1|1 Monolith|
000000553|1|1 Annihilation Barge|
000000554|1|1 Doomsday Ark|
000000555|1|1 Transcendent C’tan|
000000556|1|1 Tesseract Vault|
000000557|1|1 Obelisk|
000000558|1|1 Canoptek Tomb Stalker|
000000559|1|3-6 Canoptek Acanthrites|
000000560|1|1 Canoptek Tomb Sentinel|
000000561|1|1 Night Shroud|
000000562|1|1 Sentry Pylon|
000000564|1|1 Tesseract Ark|
000000567|1|1 Gauss Pylon|
000000568|1|1 Eldrad Ulthran – <span class="kwb">EPIC</span> <span class="kwb">HERO</span>|
000000569|1|1 Prince Yriel – <span class="kwb">EPIC</span> <span class="kwb">HERO</span>|
000000570|1|1 Illic Nightspear – <span class="kwb">EPIC</span> <span class="kwb">HERO</span>|
000000571|1|1 Asurmen – <span class="kwb">EPIC</span> <span class="kwb">HERO</span>|
000000572|1|1 Jain Zar – <span class="kwb">EPIC</span> <span class="kwb">HERO</span>|
000000573|1|1 Karandras – <span class="kwb">EPIC</span> <span class="kwb">HERO</span>|
000000574|1|1 Fuegan – <span class="kwb">EPIC</span> <span class="kwb">HERO</span>|
000000575|1|1 Baharroth – <span class="kwb">EPIC</span> <span class="kwb">HERO</span>|
000000576|1|1 Maugan Ra|
000000577|1|1 Autarch|
000000580|1|1 Autarch Skyrunner|
000000581|1|1 Avatar of Khaine – <span class="kwb">EPIC</span> <span class="kwb">HERO</span>|
000000582|1|1 Farseer|
000000583|1|1 Farseer Skyrunner|
000000584|1|2-4 Warlocks|
000000585|1|1 Warlock|
000000586|1|2-3 Warlock Skyrunners|
000000587|1|1 Warlock Skyrunner|
000000588|1|1 Spiritseer|
000000589|1|1 Heavy Weapon Platform|
000000589|2|10 Guardian Defenders|
000000590|1|1 Serpent’s Scale Platform|
000000590|2|10 Storm Guardians|
000000591|1|3-9 Windriders|
000000592|1|5-10 Rangers|
000000593|1|1 Dire Avenger Exarch|
000000593|2|4-9 Dire Avengers|
000000594|1|1 Howling Banshee Exarch|
000000594|2|4-9 Howling Banshees|
000000595|1|1 Striking Scorpion Exarch|
000000595|2|4-9 Striking Scorpions|
000000596|1|1 Fire Dragon Exarch|
000000596|2|4-9 Fire Dragons|
000000597|1|5-10 Wraithguard|
000000598|1|5-10 Wraithblades|
000000599|1|1 Wave Serpent|
000000600|1|1 Swooping Hawk Exarch|
000000600|2|4-9 Swooping Hawks|
000000601|1|1 Warp Spider Exarch|
000000601|2|4-9 Warp Spiders|
000000602|1|1 Shining Spear Exarch|
000000602|2|2-5 Shining Spears|
000000603|1|1 Crimson Hunter|
000000605|1|1 Vyper|
000000606|1|1 Hemlock Wraithfighter|
000000607|1|1 Dark Reaper Exarch|
000000607|2|4-9 Dark Reapers|
000000608|1|1 Support Weapon|
000000609|1|1 Falcon|
000000610|1|1 Fire Prism|
000000611|1|1 Night Spinner|
000000612|1|1 War Walker|
000000613|1|1 Wraithlord|
000000614|1|1 Wraithknight|
000000615|1|0-1 Shadow Spectre Exarch|
000000615|2|5-10 Shadow Spectres|
000000616|1|1 Wasp Assault Walker|
000000617|1|1 Wraithseer|
000000618|1|1 Hornet|
000000619|1|1 Warp Hunter|
000000620|1|1 Lynx|
000000621|1|1 Scorpion|
000000622|1|1 Cobra|
000000623|1|1 Nightwing|
000000624|1|1 Phoenix|
000000625|1|1 Vampire Raider|
000000626|1|1 Vampire Hunter|
000000627|1|1 Skathach Wraithknight|
000000628|1|1 Revenant Titan|
000000629|1|0-1 Cloud Dancer Felarch|
000000629|2|3-6 Corsair Cloud Dancers|
000000630|1|1 Irillyth – <span class="kwb">EPIC</span> <span class="kwb">HERO</span>|
000000631|1|1 Phantom Titan|
000000632|1|0-1 Corsair Reaver Felarch|
000000632|2|5-10 Corsair Reavers|
000000633|1|0-1 Corsair Skyreaver Felarch|
000000633|2|5-10 Corsair Skyreavers|
000000634|1|1 Archon|
000000639|1|1 Succubus|
000000640|1|1 Lelith Hesperax – <span class="kwb">EPIC</span> <span class="kwb">HERO</span>|
000000641|1|1 Haemonculus|
000000642|1|1 Urien Rakarth – <span class="kwb">EPIC</span> <span class="kwb">HERO</span>|
000000643|1|1 Drazhar – <span class="kwb">EPIC</span> <span class="kwb">HERO</span>|
000000644|1|1 Sybarite|
000000644|2|9 Kabalite Warriors|
000000646|1|1 Hekatrix|
000000646|2|9 Wyches|
000000648|1|1 Klaivex|
000000648|2|4-9 Incubi|
000000649|1|1 Nightfiend|
000000649|2|4-9 Mandrakes|
000000650|1|1 Acothyst|
000000650|2|4-9 Wracks|
000000651|1|3-6 Grotesques|
000000652|1|1 Beastmaster|
000000652|2|1 Clawed Fiends|
000000652|3|2 Khymerae|
000000652|4|3 Razorwing Flocks|
000000656|1|1 Raider|
000000657|1|1 Venom|
000000658|1|1 Arena Champion|
000000658|2|2-5 Reavers|
000000659|1|1 Helliarch|
000000659|2|4-9 Hellions|
000000660|1|1 Razorwing Jetfighter|
000000661|1|1 Voidraven Bomber|
000000662|1|1 Solarite|
000000662|2|4-9 Scourges|
000000663|1|1-2 Talos|
000000664|1|1-2 Cronos|
000000665|1|1 Ravager|
000000666|1|1 Reaper|
000000667|1|1 Tantalus|
000000680|1|1 Tank Commander|
000000684|1|One of the following:|
000000684|2|1 Sergeant and 9 Guardsmen|
000000684|3|1 Sergeant, 7 Guardsmen and 1 Heavy Weapons Team|
000000684|4|2 Sergeants and 18 Guardsmen|
000000684|5|2 Sergeants, 16 Guardsmen and 1 Heavy Weapons Team|
000000684|6|2 Sergeants, 14 Guardsmen and 2 Heavy Weapons Teams|
000000686|1|3 Heavy Weapons Teams|
000000690|1|1-3 Scout Sentinels|
000000691|1|1-3 Armoured Sentinels|
000000692|1|1 Chimera|
000000693|1|1 Taurox|
000000694|1|1 Hellhound|
000000695|1|1 Basilisk|
000000696|1|1 Hydra|
000000697|1|1 Wyvern|
000000698|1|1 Manticore|
000000699|1|1 Deathstrike|
000000700|1|1 Leman Russ Battle Tank|
000000701|1|1 Leman Russ Demolisher|
000000702|1|1 Baneblade|
000000703|1|1 Banehammer|
000000704|1|1 Banesword|
000000705|1|1 Doomhammer|
000000706|1|1 Hellhammer|
000000707|1|1 Shadowsword|
000000708|1|1 Stormlord|
000000709|1|1 Stormsword|
000000713|1|1 ‘Iron Hand’ Straken – <span class="kwb">EPIC</span> <span class="kwb">HERO</span>|
000000714|1|1 Sergeant Harker – <span class="kwb">EPIC</span> <span class="kwb">HERO</span>|
000000716|1|1 Commissar|
000000719|1|1 Tempestor Prime|
000000719|2|4 Tempestus Scions|
000000721|1|1 Taurox Prime|
000000722|1|1 Ogryn Bone ‘ead|
000000722|2|2-5 Ogryns|
000000723|1|1 Bullgryn Bone ‘ead|
000000723|2|2-5 Bullgryns|
000000724|1|5-10 Ratlings|
000000725|1|1 Nork Deddog – <span class="kwb">EPIC</span> <span class="kwb">HERO</span>|
000000727|1|1 Valkyrie|
000000728|1|1 Atlas Recovery Vehicle|
000000729|1|1 Salamander Command Vehicle|
000000730|1|1 Hades Breaching Drill|
000000731|1|1 Centaur Light Carrier|
000000733|1|1 Trojan Support Vehicle|
000000735|1|1 Salamander Scout Vehicle|
000000736|1|1 Tauros Assault Vehicle|
000000737|1|1 Tauros Venator|
000000739|1|1 Armageddon-pattern Medusa|
000000740|1|1 Colossus|
000000741|1|1 Cyclops Demolition Vehicle|
000000743|1|1 Earthshaker Carriage|
000000744|1|1 Griffon Mortar Carrier|
000000745|1|1 Heavy Mortar Team|
000000746|1|1 Heavy Quad Launcher Team|
000000747|1|1 Hydra Platform|
000000751|1|1 Malcador Annihilator|
000000752|1|1 Malcador Defender|
000000753|1|1 Malcador|
000000754|1|1 Malcador Infernus|
000000755|1|1 Manticore Platform|
000000756|1|1 Medusa Carriage|
000000757|1|1-3 Rapier Laser Destroyers|
000000758|1|1-2 Sabre Gun Platforms|
000000759|1|1 Sentinel Powerlifter|
000000760|1|1 Stygies Destroyer Tank Hunter|
000000762|1|1-3 Tarantula Sentry Guns|
000000763|1|1 Stormblade|
000000764|1|1 Arkurian Stormhammer|
000000766|1|1 Crassus|
000000767|1|1 Dominus Armoured Siege Bombard|
000000768|1|1 Gorgon Heavy Transport|
000000769|1|1 Macharius|
000000770|1|1 Macharius Omega|
000000771|1|1 Macharius Vanquisher|
000000772|1|1 Macharius Vulcan|
000000773|1|1 Marauder Bomber|
000000774|1|1 Marauder Destroyer|
000000775|1|1 Minotaur|
000000776|1|1 Praetor|
000000777|1|1 Valdor|
000000778|1|1 Aquila Lander|
000000779|1|1 Arvus Lighter|
000000780|1|1 Avenger Strike Fighter|
000000781|1|1 Voss-pattern Lightning|
000000783|1|1 Vendetta Gunship|
000000784|1|1 Vulture Gunship|
000000785|1|1 Imperial Fortress Walls (1 gate section, 2 gate tower sections, 2 tower sections and 2 wall sections)|
000000786|1|1 Primaris Redoubt|
000000838|1|1 Belisarius Cawl – <span class="kwb">EPIC</span> <span class="kwb">HERO</span>|
000000839|1|1 Tech-Priest Dominus|
000000840|1|1 Tech-Priest Enginseer|
000000841|1|3-6 Kataphron Breachers|
000000842|1|3-6 Kataphron Destroyers|
000000843|1|5-10 Fulgurite Electro-Priests|
000000844|1|5-10 Corpuscarii Electro-Priests|
000000845|1|2-4 Kastelan Robots|
000000846|1|1 Cybernetica Datasmith|
000000847|1|4 Servitors|
000000848|1|1 Skitarii Ranger Alpha|
000000848|2|9 Skitarii Rangers|
000000849|1|1 Skitarii Vanguard Alpha|
000000849|2|9 Skitarii Vanguard|
000000850|1|1 Sicarian Infiltrator Princeps|
000000850|2|4-9 Sicarian Infiltrators|
000000851|1|1 Sicarian Ruststalker Princeps|
000000851|2|4-9 Sicarian Ruststalkers|
000000852|1|1-3 Ironstrider Ballistarii|
000000853|1|1-3 Sydonian Dragoons|
000000854|1|1 Onager Dunecrawler|
000000855|1|1 Knight Paladin|
000000856|1|1 Knight Errant|
000000857|1|1 Knight Warden|
000000858|1|1 Knight Gallant|
000000859|1|1 Knight Crusader|
000000860|1|1 Acastus Knight Porphyrion|
000000861|1|1 Cerastus Knight Acheron|
000000862|1|1 Cerastus Knight Atrapos|
000000863|1|1 Cerastus Knight Castigator|
000000864|1|1 Cerastus Knight Lancer|
000000865|1|1 Questoris Knight Magaera|
000000866|1|1 Questoris Knight Styrix|
000000867|1|1 Warhound Titan|
000000868|1|1 Reaver Titan|
000000869|1|1 Warlord Titan|
000000870|1|1 Vindicare Assassin – <span class="kwb">EPIC</span> <span class="kwb">HERO</span>|
000000871|1|1 Callidus Assassin – <span class="kwb">EPIC</span> <span class="kwb">HERO</span>|
000000872|1|1 Eversor Assassin – <span class="kwb">EPIC</span> <span class="kwb">HERO</span>|
000000873|1|1 Culexus Assassin – <span class="kwb">EPIC</span> <span class="kwb">HERO</span>|
000000874|1|1 Inquisitor Greyfax – <span class="kwb">EPIC</span> <span class="kwb">HERO</span>|
000000875|1|1 Inquisitor Karamazov – <span class="kwb">EPIC</span> <span class="kwb">HERO</span>|
000000876|1|1 Inquisitor Coteaz – <span class="kwb">EPIC</span> <span class="kwb">HERO</span>|
000000877|1|1 Inquisitor|
000000882|1|4-5 Custodian Guard|
000000883|1|1 Venerable Contemptor Dreadnought|
000000884|1|1 Venerable Land Raider|
000000889|1|1 Primaris Psyker|
000000894|1|2-4 Crusaders|
000000895|1|2-4 Death Cult Assassins|
000000896|1|3-10 Arco-flagellants|
000000897|1|1-2 Penitent Engines|
000000898|1|1 Celestine – <span class="kwb">EPIC</span> <span class="kwb">HERO</span>|
000000898|2|2 Geminae Superia|
000000899|1|1 Canoness|
000000900|1|1 Imagifier|
000000901|1|1 Hospitaller|
000000902|1|1 Dialogus|
000000903|1|1 Sister Superior|
000000903|2|9 Battle Sisters|
000000904|1|1 Seraphim Superior|
000000904|2|4-9 Seraphim|
000000907|1|1 Repentia Superior|
000000907|2|4-9 Sisters Repentia|
000000908|1|1 Retributor Superior|
000000908|2|4 Retributors|
000000909|1|1 Dominion Superior|
000000909|2|9 Dominions|
000000910|1|1 Sororitas Rhino|
000000911|1|1 Immolator|
000000912|1|1 Exorcist|
000000914|1|1 Bastion|
000000917|1|1 Vengeance Weapon Battery|
000000918|1|1 Firestorm Redoubt|
000000919|1|1 Plasma Obliterator|
000000920|1|1 Macro-cannon Aquila Strongpoint|
000000921|1|1 Vortex Missile Strongpoint|
000000922|1|1 Void Shield Generator|
000000923|1|1 Skyshield Landing Pad|
000000924|1|1 Abaddon the Despoiler – <span class="kwb">EPIC</span> <span class="kwb">HERO</span>|
000000925|1|1 Huron Blackheart – <span class="kwb">EPIC</span> <span class="kwb">HERO</span>|
000000926|1|1 Cypher – <span class="kwb">EPIC</span> <span class="kwb">HERO</span>|
000000928|1|1 Fabius Bile – <span class="kwb">EPIC</span> <span class="kwb">HERO</span>|
000000928|2|1 Surgeon Acolyte|
000000929|1|1 Chaos Lord|
000000930|1|1 Chaos Lord in Terminator Armour|
000000931|1|1 Chaos Lord on Bike|
000000932|1|1 Chaos Lord on Juggernaut|
000000933|1|1 Chaos Lord on Disc of Tzeentch|
000000934|1|1 Chaos Lord on Palanquin of Nurgle|
000000935|1|1 Chaos Lord on Steed of Slaanesh|
000000936|1|1 Dark Apostle|
000000936|2|2 Dark Disciples|
000000937|1|1 Heretic Astartes Daemon Prince|
000000938|1|1 Sorcerer|
000000939|1|1 Sorcerer in Terminator Armour|
000000940|1|1 Sorcerer on Bike|
000000941|1|1 Sorcerer on Disc of Tzeentch|
000000942|1|1 Sorcerer on Palanquin of Nurgle|
000000943|1|1 Sorcerer on Steed of Slaanesh|
000000944|1|1 Warpsmith|
000000946|1|1 Cultist Champion|
000000946|2|9-19 Chaos Cultists|
000000947|1|1 Terminator Champion|
000000947|2|4-9 Chaos Terminators|
000000951|1|1 Noise Champion|
000000951|2|4-9 Noise Marines|
000000952|1|1 Chosen Champion|
000000952|2|4-9 Chosen|
000000953|1|1 Possessed Champion|
000000953|2|4-9 Possessed|
000000954|1|1 Helbrute|
000000955|1|3 Mutilators|
000000956|1|1 Chaos Rhino|
000000957|1|1 Biker Champion|
000000957|2|2-5 Chaos Bikers|
000000958|1|1 Raptor Champion|
000000958|2|4-9 Raptors|
000000959|1|1 Warp Talon Champion|
000000959|2|4-9 Warp Talons|
000000960|1|2 Chaos Spawn|
000000961|1|1 Heldrake|
000000962|1|1 Chaos Land Raider|
000000963|1|1 Chaos Predator Destructor|
000000964|1|1 Chaos Vindicator|
000000965|1|2 Obliterators|
000000966|1|1 Havoc Champion|
000000966|2|4 Havocs|
000000967|1|1 Forgefiend|
000000968|1|1 Maulerfiend|
000000969|1|1 Defiler|
000000970|1|1 Khorne Lord of Skulls|
000001016|1|1 Thousand Sons Sorcerer|
000001017|1|1 Thousand Sons Sorcerer in Terminator Armour|
000001019|1|1 Thousand Sons Cultist Champion|
000001019|2|9-19 Thousand Sons Cultists|
000001020|1|1 Aspiring Sorcerer|
000001020|2|4-9 Rubric Marines|
000001021|1|1 Thousand Sons Helbrute|
000001022|1|1 Thousand Sons Rhino|
000001023|1|2 Chaos Spawn|
000001024|1|1 Thousand Sons Heldrake|
000001025|1|1 Thousand Sons Land Raider|
000001026|1|1 Thousand Sons Predator Destructor|
000001027|1|1 Thousand Sons Vindicator|
000001028|1|1 Thousand Sons Forgefiend|
000001029|1|1 Thousand Sons Maulerfiend|
000001030|1|1 Thousand Sons Defiler|
000001031|1|1 Magnus the Red – <span class="kwb">EPIC</span> <span class="kwb">HERO</span>|
000001032|1|1 Ahriman – <span class="kwb">EPIC</span> <span class="kwb">HERO</span>|
000001033|1|1 Exalted Sorcerer|
000001034|1|1 Twistbray|
000001034|2|9-19 Tzaangors|
000001035|1|1 Scarab Occult Sorcerer|
000001035|2|4-9 Scarab Occult Terminators|
000001036|1|1 Thousand Sons Daemon Prince|
000001037|1|1 Death Guard Chaos Lord|
000001038|1|1 Death Guard Chaos Lord in Terminator Armour|
000001041|1|1 Death Guard Sorcerer in Terminator Armour|
000001043|1|1 Death Guard Cultist Champion|
000001043|2|9-19 Death Guard Cultists|
000001044|1|1 Plague Champion|
000001044|2|4-9 Plague Marines|
000001045|1|1 Possessed Champion|
000001045|2|4-9 Possessed|
000001046|1|1 Death Guard Helbrute|
000001047|1|1 Death Guard Rhino|
000001048|1|2 Chaos Spawn|
000001049|1|1 Death Guard Land Raider|
000001050|1|1 Death Guard Predator Annihilator|
000001051|1|1 Death Guard Defiler|
000001052|1|1 Death Guard Daemon Prince|
000001053|1|1 Typhus – <span class="kwb">EPIC</span> <span class="kwb">HERO</span>|
000001054|1|1 Lord of Contagion|
000001055|1|1 Malignant Plaguecaster|
000001056|1|10-20 Poxwalkers|
000001057|1|1 Foetid Bloat-drone|
000001058|1|1 Noxious Blightbringer|
000001094|1|1 Chaos Cerastus Knight Acheron|
000001095|1|1 Chaos Cerastus Knight Lancer|
000001096|1|1 Chaos Cerastus Knight Castigator|
000001097|1|1 Chaos Cerastus Knight Atrapos|
000001098|1|1 Chaos Questoris Knight Magaera|
000001099|1|1 Chaos Acastus Knight Porphyrion|
000001100|1|1 Chaos Questoris Knight Styrix|
000001104|1|1 Karanak – <span class="kwb">EPIC</span> <span class="kwb">HERO</span>|
000001105|1|1 Skarbrand – <span class="kwb">EPIC</span> <span class="kwb">HERO</span>|
000001106|1|1 Skulltaker – <span class="kwb">EPIC</span> <span class="kwb">HERO</span>|
000001111|1|1 Rendmaster on Blood Throne|
000001112|1|1 Gore Hound|
000001112|2|4-9 Flesh Hounds|
000001114|1|1 Bloodreaper|
000001114|2|9 Bloodletters|
000001115|1|1 Bloodhunter|
000001115|2|2-5 Bloodcrushers|
000001116|1|1 Skull Cannon|
000001117|1|1 Kairos Fateweaver – <span class="kwb">EPIC</span> <span class="kwb">HERO</span>|
000001118|1|1 The Changeling – <span class="kwb">EPIC</span> <span class="kwb">HERO</span>|
000001119|1|1 The Blue Scribes – <span class="kwb">EPIC</span> <span class="kwb">HERO</span>|
000001120|1|1 Lord of Change|
000001125|1|1 Pyrocaster|
000001125|2|2-5 Flamers|
000001126|1|1 Exalted Flamer|
000001127|1|3-6 Screamers|
000001128|1|1 Burning Chariot|
000001129|1|1 Epidemius – <span class="kwb">EPIC</span> <span class="kwb">HERO</span>|
000001130|1|1 Great Unclean One|
000001132|1|1 Plagueridden|
000001132|2|9 Plaguebearers|
000001133|1|3-9 Nurgling Swarms|
000001134|1|1-2 Beasts of Nurgle|
000001135|1|1 Plaguebringer|
000001135|2|2-5 Plague Drones|
000001136|1|1 The Masque of Slaanesh – <span class="kwb">EPIC</span> <span class="kwb">HERO</span>|
000001137|1|1 Keeper of Secrets|
000001138|1|1 Tranceweaver|
000001139|1|1 Herald of Slaanesh on Steed of Slaanesh|
000001141|1|1 Tormentbringer on Exalted Seeker Chariot|
000001142|1|1 Alluress|
000001142|2|9 Daemonettes|
000001143|1|1 Blissbringer|
000001143|2|2-5 Fiends|
000001144|1|1-2 Hellflayers|
000001145|1|1 Heartseeker|
000001145|2|4-9 Seekers|
000001146|1|1-2 Seeker Chariots|
000001147|1|1 Exalted Seeker Chariot|
000001148|1|1 Be’lakor – <span class="kwb">EPIC</span> <span class="kwb">HERO</span>|
000001149|1|1 Daemon Prince of Chaos|
000001150|1|5-10 Furies|
000001151|1|1 Soul Grinder|
000001153|1|1 Cerberus|
000001154|1|1 Vanguard Veteran Sergeant|
000001154|2|4-9 Vanguard Veterans|
000001156|1|1 Invictor Tactical Warsuit|
000001157|1|1 Intercessor Sergeant|
000001157|2|4-9 Intercessors|
000001158|1|1 Invader ATV|
000001159|1|1 Incursor Sergeant|
000001159|2|4-9 Incursors|
000001160|1|1 Scout Sergeant|
000001160|2|4-9 Scouts|
000001161|1|1 Sicaran Arcus|
000001162|1|1 Sergeant Telion – <span class="kwb">EPIC</span> <span class="kwb">HERO</span>|
000001163|1|1 Sicaran Omega|
000001164|1|1 Techmarine Gunner|
000001164|2|1 Thunderfire Cannon|
000001165|1|1 Bladeguard Ancient|
000001166|1|1 Veteran Biker Sergeant|
000001166|2|1-4 Veteran Bikers|
000001167|1|1 Company Champion on Bike|
000001168|1|1 Land Speeder Tempest|
000001169|1|1 Land Speeder Tornado|
000001172|1|1 Captain in Gravis Armour|
000001174|1|1 Chaplain|
000001175|1|1 Kratos|
000001177|1|1 Heavy Intercessor Sergeant|
000001177|2|4-9 Heavy Intercessors|
000001178|1|1 Vindicator Laser Destroyer|
000001179|1|1 Sokar-pattern Stormbird|
000001182|1|1 Ancient on Bike|
000001183|1|1 Terminator Sergeant|
000001183|2|4-9 Terminators|
000001184|1|1 Terminus Ultra|
000001185|1|1 Sicaran Battle Tank|
000001188|1|1 Vindicator|
000001189|1|1 Mastodon|
000001190|1|1 Stormtalon Gunship|
000001191|1|1 Stormraven Gunship|
000001192|1|1 Chaplain Venerable Dreadnought|
000001193|1|1 Devastator Centurion Sergeant|
000001193|2|2-5 Devastator Centurions|
000001196|1|1 Land Raider Banisher|
000001197|1|1 Grey Knights Thunderhawk Gunship|
000001199|1|1 Repressor|
000001237|1|1 Valkyrie Sky Talon|
000001293|1|1 Blood Slaughterer|
000001294|1|1 Greater Blight Drone|
000001295|1|1 Decimator|
000001297|1|1 Kytan Ravager|
000001298|1|1 Greater Brass Scorpion|
000001302|1|1 Chaos Deimos Predator|
000001310|1|1 Dreadclaw Drop Pod|
000001311|1|1 Kharybdis Assault Claw|
000001317|1|1 Hell Blade|
000001318|1|1 Hell Talon|
000001321|1|1 Chaos Thunderhawk|
000001329|1|1 An'ggrath the Unbound – <span class="kwb">EPIC</span> <span class="kwb">HERO</span>|
000001332|1|1 Zarakynel – <span class="kwb">EPIC</span> <span class="kwb">HERO</span>|
000001333|1|1 Aetaos'rau'keres – <span class="kwb">EPIC</span> <span class="kwb">HERO</span>|
000001336|1|3 Plague Toads|
000001337|1|3 Pox Riders|
000001338|1|1 Spined Chaos Beast|
000001339|1|1 Giant Chaos Spawn|
000001340|1|1 Scabeiathrax the Bloated – <span class="kwb">EPIC</span> <span class="kwb">HERO</span>|
000001344|1|1 Librarian with Jump Pack|
000001345|1|1 Lieutenant in Reiver Armour|
000001346|1|1 Lieutenant|
000001347|1|1 Land Raider Prometheus|
000001348|1|1 Librarian on Bike|
000001354|1|1 Lucius the Eternal – <span class="kwb">EPIC</span> <span class="kwb">HERO</span>|
000001355|1|1 Exalted Champion|
000001360|1|1 Grand Master in Nemesis Dreadknight|
000001361|1|1 Brotherhood Librarian|
000001362|1|1 Brotherhood Chaplain|
000001363|1|1 Stormhawk Interceptor|
000001364|1|1 Stormtalon Gunship|
000001367|1|1 Foul Blightspawn|
000001368|1|1 Biologus Putrifier|
000001369|1|1 Plague Surgeon|
000001370|1|1 Tallyman|
000001371|1|1 Deathshroud Champion|
000001371|2|2-5 Deathshroud Terminators|
000001372|1|1 Blightlord Champion|
000001372|2|4-9 Blightlord Terminators|
000001374|1|1-3 Myphitic Blight-hulers|
000001376|1|1 Plagueburst Crawler|
000001377|1|1 Mortarion – <span class="kwb">EPIC</span> <span class="kwb">HERO</span>|
000001383|1|1 Mukaali Rider Sergeant|
000001383|2|2 Mukaali Riders|
000001385|1|1 Grot Bomm Launcha|
000001386|1|1 Attack Fighta|
000001387|1|1 Fighta-Bommer|
000001388|1|1 Deff Rolla Battle Fortress|
000001389|1|1 Kill Krusha|
000001390|1|1 Raven Strike Fighter|
000001391|1|3 Knarloc Riders|
000001392|1|1 Great Knarloc|
000001393|1|1 Firestorm|
000001394|1|1 Ministorum Priest|
000001396|1|1 Tech-Priest Enginseer|
000001397|1|4 Munitorum Servitors|
000001398|1|1 Ogryn Bodyguard|
000001400|1|1 Bonesinger|
000001406|1|1 Sly Marbo – <span class="kwb">EPIC</span> <span class="kwb">HERO</span>|
000001423|1|1 Ravenwing Talonmaster|
000001446|1|1 Trajann Valoris – <span class="kwb">EPIC</span> <span class="kwb">HERO</span>|
000001447|1|1 Shield-Captain|
000001448|1|1 Shield-Captain in Allarus Terminator Armour|
000001449|1|1 Shield-Captain on Dawneagle Jetbike|
000001450|1|4-5 Custodian Wardens|
000001453|1|2-6 Allarus Custodians|
000001454|1|2-3 Vertus Praetors|
000001455|1|1 Bloodmaster|
000001456|1|1 Skullmaster|
000001458|1|1 Contemptor-Achillus Dreadnought|
000001460|1|1 Caladius Grav-tank|
000001461|1|1 Coronus Grav-carrier|
000001462|1|1 Changecaster|
000001463|1|1 Fateskimmer|
000001464|1|1 Fluxmaster|
000001465|1|1 Rotigus – <span class="kwb">EPIC</span> <span class="kwb">HERO</span>|
000001466|1|1 Horticulous Slimux – <span class="kwb">EPIC</span> <span class="kwb">HERO</span>|
000001467|1|1 Poxbringer|
000001468|1|1 Sloppity Bilepiper|
000001469|1|1 Spoilpox Scrivener|
000001470|1|1 Feculent Gnarlmaw|
000001472|1|1 Tzaangor Shaman|
000001474|1|1 Aviarch|
000001474|2|2-5 Enlightened|
000001476|1|1 Mutalith Vortex Beast|
000001477|1|1 Commander in Crisis Battlesuit|
000001478|1|1 Commander in Enforcer Battlesuit|
000001479|1|1 Telemon Heavy Dreadnought|
000001481|1|1 Armiger Helverin|
000001482|1|1 Armiger Warglaive|
000001483|1|1 Knight Preceptor|
000001484|1|1 Canis Rex – <span class="kwb">EPIC</span> <span class="kwb">HERO</span>|
000001485|1|1 Knight Castellan|
000001486|1|1 Knight Valiant|
000001509|1|1 Wulfen Dreadnought|
000001523|1|1 Scout Sniper Sergeant|
000001523|2|4-9 Scout Snipers|
000001524|1|1 Sergeant Chronus – <span class="kwb">EPIC</span> <span class="kwb">HERO</span>|
000001525|1|1 Hoplite Alpha|
000001525|2|4-9 Secutarii Hoplites|
000001526|1|1 Peltast Alpha|
000001526|2|4-9 Secutarii Peltasts|
000001527|1|1 Techmarine on Bike|
000001533|1|1 Terrax-pattern Termite|
000001536|1|1 Big Mek with Shokk Attack Gun|
000001537|1|1 Defkilla Wartrike|
000001538|1|1 Kustom Boosta-blasta|
000001539|1|1 Shokkjump Dragsta|
000001540|1|1 Boomdakka Snazzwagon|
000001541|1|1 Megatrakk Scrapjet|
000001542|1|1 Rukkatrukk Squigbuggy|
000001545|1|1 Mekboy Workshop|
000001546|1|1 Abominant|
000001553|1|1 Preacher|
000001556|1|1 Haarken Worldclaimer – <span class="kwb">EPIC</span> <span class="kwb">HERO</span>|
000001557|1|1 Contemptor-Galatus Dreadnought|
000001558|1|3-6 Aquilon Custodians|
000001559|1|5 Custodian Guard with Adrasite and Pyrithite Spears|
000001560|1|3-6 Agamatus Custodians|
000001561|1|3-6 Venatari Custodians|
000001562|1|1 Pallas Grav-attack|
000001563|1|5 Sagittarum Custodians|
000001564|1|1 Orion Assault Dropship|
000001565|1|1 Jackal Alphus|
000001567|1|1 Clamavus|
000001568|1|1 Locus|
000001569|1|1 Sanctus|
000001570|1|1 Kelermorph|
000001571|1|1 Nexos|
000001572|1|1 Biophagus|
000001573|1|1-2 Achilles Ridgerunners|
000001574|1|4-8 Atalan Jackals|
000001574|2|1-2 Atalan Wolfquads*|
000001576|1|1 Tectonic Fragdrill|
000001577|1|1 Seraptek Heavy Construct|
000001579|1|1 Inquisitor Eisenhorn – <span class="kwb">EPIC</span> <span class="kwb">HERO</span>|
000001580|1|1 Tech-Priest Manipulus|
000001581|1|1 Master of Possession|
000001583|1|1 Lord Discordant on Helstalker|
000001584|1|1 Master of Executions|
000001586|1|1 Venomcrawler|
000001587|1|1 Noctilith Crown|
000001588|1|1 Skull Altar|
000001589|1|1 Infernal Enrapturess|
000001596|1|1 Rein – <span class="kwb">EPIC</span> <span class="kwb">HERO</span>|
000001596|2|1 Raus – <span class="kwb">EPIC</span> <span class="kwb">HERO</span>|
000001598|1|1 Amallyn Shadowguide – <span class="kwb">EPIC</span> <span class="kwb">HERO</span>|
000001600|1|1 Rogue Psyker|
000001601|1|4 Negavolt Cultists|
000001603|1|4 Spindle Drones|
000001604|1|1 Fellgor Champion|
000001604|2|9 Fellgor Beastmen|
000001606|1|1 Assault Intercessor Sergeant|
000001606|2|4-9 Assault Intercessors|
000001607|1|1 Land Raider Achilles|
000001608|1|1 Land Raider Proteus|
000001609|1|1 Fire Raptor Gunship|
000001610|1|1 Storm Speeder Thunderstrike|
000001611|1|1 Chief Librarian Tigurius – <span class="kwb">EPIC</span> <span class="kwb">HERO</span>|
000001630|1|1 Ambull|
000001647|1|1 Contorted Epitome|
000001648|1|1 Shalaxi Helbane – <span class="kwb">EPIC</span> <span class="kwb">HERO</span>|
000001649|1|1 Syll’Esske – <span class="kwb">EPIC</span> <span class="kwb">HERO</span>|
000001650|1|1 Skorpius Dunerider|
000001651|1|1 Skorpius Disintegrator|
000001658|1|1 Knight Despoiler|
000001659|1|1 Knight Tyrant|
000001660|1|1 Knight Desecrator|
000001661|1|1 Knight Rampager|
000001662|1|1 Chaos Acastus Knight Asterius|
000001663|1|1 War Dog Moirax|
000001664|1|1 Acastus Knight Asterius|
000001666|1|1 Falchion|
000001667|1|1 Gladiator Reaper|
000001668|1|1 Eliminator Sergeant|
000001668|2|2 Eliminators|
000001680|1|1 Ares Gunship|
000001822|1|1 X-101 – <span class="kwb">EPIC</span> <span class="kwb">HERO</span>|
000001825|1|1 Gladiator Valiant|
000001991|1|1 Terrax-pattern Termite|
000001993|1|1 Da Red Gobbo – <span class="kwb">EPIC</span> <span class="kwb">HERO</span>|
000001994|1|1 Carnodon|
000001997|1|5-10 Death Company Marines|
000002063|1|1 Triumph of Saint Katherine – <span class="kwb">EPIC</span> <span class="kwb">HERO</span>|
000002064|1|1 Junith Eruita – <span class="kwb">EPIC</span> <span class="kwb">HERO</span>|
000002066|1|1 Zephyrim Superior|
000002066|2|4-9 Zephyrim|
000002067|1|1-2 Mortifiers|
000002068|1|1 Battle Sanctum|
000002076|1|1-3 Attack Bikes|
000002077|1|1 Warbringer Nemesis Titan|
000002080|1|1 Big Mek with Kustom Force Field|
000002081|1|1 Serberys Sulphurhound Alpha|
000002081|2|2-5 Serberys Sulphurhounds|
000002082|1|1 Serberys Raider Alpha|
000002082|2|2-5 Serberys Raiders|
000002083|1|1 Pteraxii Sterylizor Alpha|
000002083|2|4-9 Pteraxii Sterylizors|
000002084|1|1 Pteraxii Skystalker Alpha|
000002084|2|4-9 Pteraxii Skystalkers|
000002085|1|1 Archaeopter Transvector|
000002086|1|1 Archaeopter Stratoraptor|
000002087|1|1 Archaeopter Fusilave|
000002088|1|1 Aleya – <span class="kwb">EPIC</span> <span class="kwb">HERO</span>|
000002090|1|1 Inquisitor Draxus – <span class="kwb">EPIC</span> <span class="kwb">HERO</span>|
000002092|1|1 Illuminor Szeras – <span class="kwb">EPIC</span> <span class="kwb">HERO</span>|
000002093|1|1 Archivist – <span class="kwb">EPIC</span> <span class="kwb">HERO</span>|
000002098|1|1 Hellblaster Sergeant|
000002098|2|4-9 Hellblasters|
000002099|1|1 Aggressor Sergeant|
000002099|2|2-5 Aggressors|
000002100|1|1 Adrax Agatone – <span class="kwb">EPIC</span> <span class="kwb">HERO</span>|
000002102|1|1 Land Speeder Typhoon|
000002103|1|1 Apothecary|
000002103|2|1 Company Ancient|
000002103|3|1 Company Champion|
000002103|4|2 Company Veterans|
000002105|1|1 Darnath Lysander – <span class="kwb">EPIC</span> <span class="kwb">HERO</span>|
000002108|1|1 Plasmancer|
000002109|1|1 Skorpekh Lord|
000002110|1|3-6 Skorpekh Destroyers|
000002111|1|2 Cryptothralls|
000002112|1|1 Canoptek Reanimator|
000002114|1|3-6 Canoptek Scarab Swarms|
000002115|1|1 Canoptek Doomstalker|
000002116|1|1-3 Lokhust Heavy Destroyers|
000002173|1|1 Land Raider Redeemer|
000002199|1|1 Marneus Calgar – <span class="kwb">EPIC</span> <span class="kwb">HERO</span>|
000002199|2|2 Victrix Honour Guard|
000002202|1|1 Devastator Sergeant|
000002202|2|4-9 Devastator Marines|
000002234|1|1 Primaris Company Champion|
000002252|1|1 Spartan|
000002255|1|1 Sternguard Veteran Sergeant|
000002255|2|4-9 Sternguard Veterans|
000002258|1|1 Stalker|
000002266|1|1 Librarian|
000002267|1|1 Deathstorm Drop Pod|
000002268|1|1 Deimos Predator|
000002269|1|1 Deredeo Dreadnought|
000002270|1|1 Desolation Sergeant|
000002270|2|4 Desolation Marines|
000002285|1|5-10 Death Company Marines with Bolt Rifles|
000002291|1|1 Sammael – <span class="kwb">EPIC</span> <span class="kwb">HERO</span>|
000002296|1|1 Lazarus – <span class="kwb">EPIC</span> <span class="kwb">HERO</span>|
000002302|1|1 Deathwing Ancient|
000002302|2|1 Deathwing Apothecary|
000002302|3|1 Deathwing Champion|
000002302|4|2-7 Deathwing Command Terminators|
000002350|1|1 Royal Warden|
000002351|1|1 Lokhust Lord|
000002352|1|1 Technomancer|
000002353|1|1 Psychomancer|
000002354|1|1 Chronomancer|
000002355|1|1 Hexmark Destroyer|
000002357|1|1 C’tan Shard of the Void Dragon – <span class="kwb">EPIC</span> <span class="kwb">HERO</span>|
000002358|1|3-6 Ophydian Destroyers|
000002359|1|1-6 Lokhust Destroyers|
000002360|1|1 Szarekh – <span class="kwb">EPIC</span> <span class="kwb">HERO</span>|
000002360|2|2 Triarchal Menhirs|
000002361|1|1-3 Convergence of Dominion Starsteles|
000002362|1|1 Tomb Citadel|
000002363|1|1 Guardian Drone|
000002374|1|One of the following:|
000002374|2|1 Grenadier Sergeant and 9 Grenadiers|
000002374|3|1 Grenadier Sergeant, 7 Grenadiers and 1 Heavy Weapons Team|
000002375|1|1 Quartermaster Revenant|
000002375|2|4 Medicae Servitors|
000002377|1|3 Elysian Sniper Teams|
000002378|1|1 Death Rider Commissar|
000002379|1|1 Storm Chimera|
000002385|1|1 Death Korps Marshal|
000002386|1|1 Death Rider Squadron Commander|
000002389|1|1 Ridemaster|
000002389|2|4-9 Death Riders|
000002453|1|1 Mega Dread|
000002459|1|2 Wraithbone Arches|
000002460|1|1 Lord of Virulence|
000002461|1|1 Death Guard Predator Destructor|
000002462|1|1 Miasmic Malignifier|
000002468|1|1 Deathwing Strikemaster|
000002471|1|1 Lhamaean|
000002471|2|1 Medusae|
000002471|3|1 Sslyth|
000002471|4|1 Ur-ghul|
000002472|1|1 Palatine|
000002473|1|1 Tor Garadon – <span class="kwb">EPIC</span> <span class="kwb">HERO</span>|
000002477|1|1 Technoarcheologist|
000002478|1|1 Skitarii Marshal|
000002479|1|1 Morvenn Vahl – <span class="kwb">EPIC</span> <span class="kwb">HERO</span>|
000002480|1|1 Aestred Thurga – <span class="kwb">EPIC</span> <span class="kwb">HERO</span>|
000002480|2|1 Agathae Dolan – <span class="kwb">EPIC</span> <span class="kwb">HERO</span>|
000002481|1|1 Sacresant Superior|
000002481|2|4-9 Celestian Sacresants|
000002482|1|1 Dogmata|
000002483|1|1 Paragon Superior|
000002483|2|2 Paragons|
000002484|1|1 Castigator|
000002485|1|1 Ibram Gaunt|
000002485|2|5 Tanith Ghosts|
000002488|1|1 Zodgrod Wortsnagga – <span class="kwb">EPIC</span> <span class="kwb">HERO</span>|
000002489|1|1 Beastboss|
000002490|1|1 Beastboss on Squigosaur|
000002491|1|1 Painboss|
000002492|1|1 Wurrboy|
000002493|1|1 Mozrog Skragbad – <span class="kwb">EPIC</span> <span class="kwb">HERO</span>|
000002494|1|1 Beast Snagga Nob|
000002494|2|9-19 Beast Snagga Boyz|
000002496|1|1-2 Nob On Smasha Squig|
000002496|2|3-6 Squighog Boyz|
000002497|1|1 Kill Rig|
000002498|1|1 Hunta Rig|
000002499|1|1 Big’ed Bossbunka|
000002500|1|1 Infernal Master|
000002501|1|1 Thousand Sons Predator Annihilator|
000002507|1|1 Novitiate Superior|
000002507|2|9 Sisters Novitiate|
000002509|1|1 Voidmaster|
000002509|2|4 Voidsmen|
000002509|3|1 Canid|
000002518|1|1 Blade Champion|
000002519|1|1 Valerian – <span class="kwb">EPIC</span> <span class="kwb">HERO</span>|
000002520|1|1 Knight-Centura|
000002521|1|1 Prosecutor Sister Superior|
000002521|2|3-9 Prosecutors|
000002522|1|1 Vigilator Sister Superior|
000002522|2|3-9 Vigilators|
000002523|1|1 Witchseeker Sister Superior|
000002523|2|3-9 Witchseekers|
000002524|1|1 Anathema Psykana Rhino|
000002525|1|1 Reductus Saboteur|
000002528|1|1 Winged Hive Tyrant|
000002529|1|1 Parasite of Mortrex|
000002530|1|1 Lieutenant in Phobos Armour|
000002531|1|1 Voidreaver Felarch|
000002531|2|4-9 Corsair Voidreavers|
000002532|1|This unit can contain a maximum of 10 models.|
000002532|2|0-1 Shade Runner|
000002532|3|0-1 Soul Weaver|
000002532|4|0-1 Way Seeker|
000002532|5|1 Voidscarred Felarch|
000002532|6|4-9 Corsair Voidscarred|
000002533|1|3-6 Shroud Runners|
000002534|1|1 Troupe Master|
000002535|1|1 Shadowseer|
000002536|1|1 Lead Player|
000002536|2|4-11 Players|
000002537|1|1 Death Jester|
000002538|1|1 Solitaire – <span class="kwb">EPIC</span> <span class="kwb">HERO</span>|
000002539|1|2-4 Skyweavers|
000002540|1|1 Voidweaver|
000002541|1|1 Starweaver|
000002542|1|1 Yvraine – <span class="kwb">EPIC</span> <span class="kwb">HERO</span>|
000002543|1|1 Visarch – <span class="kwb">EPIC</span> <span class="kwb">HERO</span>|
000002544|1|1 Yncarne – <span class="kwb">EPIC</span> <span class="kwb">HERO</span>|
000002562|1|1 War Dog Executioner|
000002563|1|1 War Dog Stalker|
000002564|1|1 War Dog Karnivore|
000002565|1|1 War Dog Brigand|
000002566|1|1 War Dog Huntsman|
000002567|1|1 Knight Abominant|
000002568|1|1 Impulsor|
000002569|1|1 Cult Demagogue|
000002569|2|1 Mindwitch|
000002569|3|1 Iconarch|
000002569|4|2 Blessed Blades|
000002570|1|1 Aspiring Champion|
000002570|2|4-9 Legionaries|
000002571|1|3-6 Torments|
000002571|2|5-10 Mutants|
000002572|1|1 Chaos Predator Annihilator|
000002582|1|1 Bloodthirster|
000002583|1|10 Blue Horrors|
000002584|1|10 Pink Horrors|
000002587|1|1 Navis Sergeant-at-Arms|
000002587|2|9 Navis Armsmen|
000002588|1|1 Kroot Kill-broker|
000002588|2|9 Kroot Farstalkers|
000002588|3|2 Kroot Hounds|
000002589|1|1 Traitor Enforcer|
000002589|2|1 Traitor Ogryn|
000002590|1|1 Traitor Sergeant|
000002590|2|9 Traitor Guardsmen|
000002591|1|16 Mutoid Vermin|
000002592|1|4 Nightmare Hulks|
000002592|2|3 Gellerpox Mutants|
000002593|1|1 Ûthar the Destined – <span class="kwb">EPIC</span> <span class="kwb">HERO</span>|
000002594|1|1 Kâhl|
000002595|1|1 Einhyr Champion|
000002596|1|1 Grimnyr|
000002596|2|2 CORVs*|
000002597|1|1 Brôkhyr Iron-master|
000002597|2|1 Ironkin Assistant*|
000002597|3|3 E-COGs*|
000002598|1|1 Theyn|
000002598|2|9 Hearthkyn Warriors|
000002599|1|1 Hesyr|
000002599|2|4-9 Hearthguard|
000002600|1|5-10 Cthonian Beserks|
000002601|1|3-6 Hernkyn Pioneers|
000002602|1|1 Sagitaur|
000002603|1|3-6 Brôkhyr Thunderkyn|
000002604|1|1 Hekaton Land Fortress|
000002605|1|1 Lord Solar Leontus – <span class="kwb">EPIC</span> <span class="kwb">HERO</span>|
000002606|1|1 Ursula Creed – <span class="kwb">EPIC</span> <span class="kwb">HERO</span>|
000002607|1|1 Cadian Castellan|
000002608|1|One of the following:|
000002608|2|1 Platoon Commander and 4 Veteran Guardsmen|
000002608|3|OR|
000002608|4|1 Platoon Commander, 2 Veteran Guardsmen and 1 Veteran Heavy Weapons Team|
000002609|1|1 Cadian Commander|
000002609|2|4 Cadian Veteran Guardsmen|
000002610|1|1 Master of Ordnance, 1 Officer of the Fleet and 1 Astropath.|
000002612|1|1 Shock Trooper Sergeant and 9 Shock Troopers|
000002612|2|OR|
000002612|3|2 Shock Trooper Sergeants and 18 Shock Troopers|
000002613|1|1 Death Korps Watchmaster and 9 Death Korps Troopers|
000002613|2|OR|
000002613|3|2 Death Korps Watchmasters and 18 Death Korps Troopers|
000002614|1|1 Jungle Fighter Sergeant and 9 Jungle Fighters|
000002614|2|OR|
000002614|3|2 Jungle Fighter Sergeants and 18 Jungle Fighters|
000002615|1|1 Kasrkin Sergeant|
000002615|2|9 Kasrkin Troopers|
000002616|1|1 Rough Rider Sergeant|
000002616|2|4-9 Rough Riders|
000002617|1|1 Rogal Dorn Battle Tank|
000002618|1|2 Ordnance Teams|
000002619|1|1 Aegis Defence Line|
000002621|1|1 Angron – <span class="kwb">EPIC</span> <span class="kwb">HERO</span>|
000002622|1|1 Khârn the Betrayer – <span class="kwb">EPIC</span> <span class="kwb">HERO</span>|
000002623|1|1 Lord Invocatus – <span class="kwb">EPIC</span> <span class="kwb">HERO</span>|
000002624|1|1 World Eaters Daemon Prince|
000002625|1|1 World Eaters Lord on Juggernaut|
000002626|1|1 World Eaters Master of Executions|
000002627|1|1 Khorne Berzerker Champion|
000002627|2|4-9 Khorne Berzerkers|
000002628|1|1 Jakhal Pack Leader, 1 Dishonoured and 8 Jakhals|
000002628|2|or:|
000002628|3|1 Jakhal Pack Leader, 2 Dishonoured and 17 Jakhals|
000002629|1|1 World Eaters Terminator Champion|
000002629|2|4-9 World Eaters Terminators|
000002630|1|1 Eightbound Champion|
000002630|2|2-5 Eightbound|
000002631|1|1 Exalted Eightbound Champion|
000002631|2|2-5 Exalted Eightbound|
000002632|1|1 World Eaters Helbrute|
000002633|1|2 Chaos Spawn|
000002634|1|1 World Eaters Land Raider|
000002635|1|1 World Eaters Defiler|
000002636|1|1 World Eaters Predator Destructor|
000002637|1|1 World Eaters Predator Annihilator|
000002638|1|1 World Eaters Forgefiend|
000002639|1|1 World Eaters Maulerfiend|
000002640|1|1 World Eaters Rhino|
000002641|1|1 World Eaters Heldrake|
000002642|1|1 Khorne Lord of Skulls|
000002677|1|1 Ancient in Terminator Armour|
000002678|1|1 Chaplain Cassius – <span class="kwb">EPIC</span> <span class="kwb">HERO</span>|
000002679|1|1 Vashtorr the Arkifane – <span class="kwb">EPIC</span> <span class="kwb">HERO</span>|
000002682|1|1 Lion El’Jonson – <span class="kwb">EPIC</span> <span class="kwb">HERO</span>|
000002683|1|1 Proctor-Vigilant|
000002683|2|9 Vigilants|
000002683|3|1 Cyber-mastiff|
000002684|1|1 Proctor-Subductor|
000002684|2|9 Subductors|
000002684|3|1 Cyber-mastiff|
000002685|1|1 Proctor-Exactant|
000002685|2|9 Exaction Vigilants|
000002685|3|1 Cyber-mastiff|
000002686|1|5-10 Barbgaunts|
000002687|1|1-2 Neurogaunt Nodebeasts*|
000002687|2|10-20 Neurogaunts|
000002688|1|1 Neurotyrant|
000002689|1|1 Psychophage|
000002690|1|1 Screamer-Killer|
000002691|1|1 Tyranid Prime|
000002691|2|2-5 Tyranid Warriors|
000002692|1|1 Tyranid Prime|
000002692|2|2-5 Tyranid Warriors|
000002693|1|3-6 Von Ryan’s Leapers|
000002694|1|1 Winged Tyranid Prime|
000002700|1|1 Astraeus|
000002701|1|1 Captain in Phobos Armour|
000002702|1|1 Captain on Bike|
000002703|1|1 Assault Centurion Sergeant|
000002703|2|2-5 Assault Centurions|
000002704|1|1 Fellblade|
000002705|1|1 Gladiator Lancer|
000002706|1|1 Ironclad Dreadnought|
000002707|1|1 Judiciar|
000002708|1|1 Kayvaan Shrike – <span class="kwb">EPIC</span> <span class="kwb">HERO</span>|
000002709|1|1 Kor’sarro Khan – <span class="kwb">EPIC</span> <span class="kwb">HERO</span>|
000002710|1|1 Land Raider Helios|
000002711|1|1 Land Speeder|
000002712|1|1 Outrider Sergeant|
000002712|2|2-5 Outriders|
000002712|3|0-1 Invader ATV|
000002713|1|1 Pedro Kantor – <span class="kwb">EPIC</span> <span class="kwb">HERO</span>|
000002714|1|1 Predator Annihilator|
000002715|1|1 Predator Destructor|
000002717|1|1 Redemptor Dreadnought|
000002718|1|1 Reiver Sergeant|
000002718|2|4-9 Reivers|
000002719|1|1 Relic Contemptor Dreadnought|
000002720|1|1 Relic Razorback|
000002721|1|1 Repulsor|
000002722|1|1 Repulsor Executioner|
000002723|1|1 Rhino|
000002724|1|1 Thunderhawk Transporter|
000002725|1|1 Veteran Sergeant|
000002725|2|4 Tyrannic War Veterans|
000002726|1|1 Vulkan He’stan – <span class="kwb">EPIC</span> <span class="kwb">HERO</span>|
000002727|1|1 Whirlwind|
000002728|1|1 Whirlwind Scorpius|
000002729|1|1 Xiphon Interceptor|
000002730|1|1 Heretic Astartes Daemon Prince with Wings|
000002731|1|1 Renegade Enforcer|
000002732|1|3 Renegade Heavy Weapons Teams|
000002733|1|1 Ogryn Pack Master|
000002733|2|3 Chaos Mauler Hounds|
000002734|1|3 Renegade Ogryn Brutes|
000002735|1|3 Renegade Plague Ogryns|
000002736|1|3 Deffkoptas with Big Shootas|
000002737|1|5-10 Death Company Marines with Jump Packs|
000002738|1|1 Sanguinary Priest|
000002739|1|1 Earthshaker Platform|
000002740|1|1 Elysian Drop Sentinel|
000002741|1|1 Leman Russ Eradicator|
000002742|1|1 Leman Russ Executioner|
000002743|1|1 Leman Russ Exterminator|
000002744|1|1 Leman Russ Punisher|
000002745|1|1 Leman Russ Vanquisher|
000002746|1|1 Tempestor|
000002746|2|4-9 Tempestus Scions|
000002747|1|1 Thunderbolt Heavy Fighter|
000002748|1|1 Ravenwing Champion|
000002748|2|1 Ravenwing Apothecary|
000002748|3|1 Ravenwing Ancient|
000002749|1|1 Death Guard Daemon Prince with Wings|
000002750|1|1 Death Guard Icon Bearer|
000002751|1|1 Norn Emissary|
000002752|1|1 Norn Assimilator|
000002753|1|1 Neurolictor|
000002754|1|1 Ahriman – <span class="kwb">EPIC</span> <span class="kwb">HERO</span>|
000002755|1|1 Exalted Sorcerer|
000002756|1|1 Thousand Sons Daemon Prince with Wings|
000002757|1|1 World Eaters Daemon Prince with Wings|
000002758|1|1 Daemon Prince of Chaos with Wings|
000002759|1|1 Autarch Wayleaper|
000002760|1|1 Inquisitor in Terminator Armour|
000002761|1|1 Legionnaire Sergeant|
000002761|2|4-9 Legionnaires|
000002762|1|1 Rogue Trader|
000002762|2|1 Death Cult Assassin|
000002762|3|1 Lectro-Maester|
000002762|4|1 Rejuvenat Adept|
000002763|1|1 Janus Draik – <span class="kwb">EPIC</span> <span class="kwb">HERO</span>|
000002764|1|1 Neyam Shai Murad – <span class="kwb">EPIC</span> <span class="kwb">HERO</span>|
000002765|1|1 Navigator|
000002766|1|1 UR-025 – <span class="kwb">EPIC</span> <span class="kwb">HERO</span>|
000002767|1|5-10 Inquisitorial Agents|
000002767|2|1-2 Gun Servitors*|
000002768|1|1 Grey Knights Relic Razorback|
000002769|1|1 Armiger Moirax|
000002770|1|1 Sir Hekhtur – <span class="kwb">EPIC</span> <span class="kwb">HERO</span>|
000002771|1|1 Ephrael Stern – <span class="kwb">EPIC</span> <span class="kwb">HERO</span>|
000002771|2|1 Kyganil of the Bloody Tears – <span class="kwb">EPIC</span> <span class="kwb">HERO</span>|
000002772|1|1 Ancient|
000002772|2|1 Company Champion|
000002772|3|2 Company Veterans|
000002773|1|1 Apothecary|
000002775|1|1 Ancient|
000002776|1|1 Assault Intercessor Sergeant with Jump Pack|
000002776|2|4-9 Assault Intercessors with Jump Packs|
000002779|1|10 MODELS MAXIMUM|
000002779|2|3‑10 Kill Team Infiltrators|
000002779|3|0‑3 Kill Team Infiltrators with bolt sniper rifles|
000002779|4|0‑4 Kill Team Infiltrators with Deathwatch occulus bolt carbines|
000002779|5|0‑4 Kill Team Infiltrators with combat knives|
000002780|1|10 MODELS MAXIMUM|
000002780|2|1 Kill Team Sergeant|
000002780|3|2-9 Kill Team Intercessors|
000002780|4|0-4 Kill Team Intercessors with plasma incinerators|
000002780|5|0-4 Kill Team Intercessors with heavy bolt pistols|
000002780|6|0‑4 Kill Team Intercessors with pyreblasters|
000002780|7|0‑2 Kill Team Intercessors with superfrag rocket launchers|
000002781|1|10 MODELS MAXIMUM|
000002781|2|3‑10 Kill Team Heavy Intercessors|
000002781|3|0‑3 Kill Team Heavy Intercessors with power fists|
000002781|4|0‑3 Kill Team Heavy Intercessors with melta rifles|
000002783|1|1 Watch Sergeant|
000002783|2|4-9 Deathwatch Veterans|
000002786|1|1 Impulsor|
000002787|1|1 Gladiator Lancer|
000002788|1|1 Gladiator Valiant|
000002789|1|1 Gladiator Reaper|
000002790|1|1 Repulsor Executioner|
000002791|1|1 Repulsor|
000002792|1|1 Chaplain Grimaldus – <span class="kwb">EPIC</span> <span class="kwb">HERO</span>|
000002792|2|3 Cenobyte Servitors|
000002793|1|1 Castellan|
000002794|1|1 High Marshal Helbrecht – <span class="kwb">EPIC</span> <span class="kwb">HERO</span>|
000002795|1|1 Emperor’s Champion – <span class="kwb">EPIC</span> <span class="kwb">HERO</span>|
000002796|1|1 Marshal|
000002797|1|1 Primaris Sword Brother|
000002797|2|5-11 Primaris Initiates|
000002797|3|4-8 Primaris Neophytes|
000002798|1|1 Sword Brother Castellan|
000002798|2|4-9 Primaris Sword Brothers|
000002799|1|1 Sword Brother|
000002799|2|4-9 Initiates|
000002799|3|0-10 Neophytes|
000002801|1|1 Space Wolves Venerable Dreadnought|
000002802|1|1 Wolf Guard Pack Leader with Jump Pack|
000002803|1|1 Wolf Guard Pack Leader in Terminator Armour|
000002804|1|1 Wolf Guard Pack Leader|
000002805|1|1 Cyberwolf|
000002806|1|1 Hound of Morkai Pack Leader|
000002806|2|4-9 Hound of Morkai|
000002807|1|1 Castellum Stronghold|
000002808|1|1 Wall of Martyrs Bunker|
000002809|1|1-2 Wall of Martyrs Defence Lines|
000002810|1|1 Wall of Martyrs Defence Emplacement|
000002811|1|1 Aegis Defence Line with Weapon Emplacement (4 large shield sections, 4 small shield sections and 1 gun emplacement)|
000003582|1|1 Khorne Berzerker Champion|
000003582|2|4-9 Khorne Berzerkers|
000003583|1|1 Aspiring Sorcerer|
000003583|2|4-9 Rubric Marines|
000003584|1|1 Plague Champion|
000003584|2|4-9 Plague Marines|
000003585|1|1 Chaos Thunderhawk|
000003586|1|1 Greater Blight Drone|
000003587|1|1 Blood Slaughterer|
000003588|1|1 Chaos Thunderhawk|
000003589|1|1 Greater Brass Scorpion|
000003590|1|1 Kytan Ravager|
000003591|1|1 Chaos Thunderhawk|
000003592|1|1 Chaos Lord on Palanquin of Nurgle|
000003593|1|4 Nightmare Hulks|
000003593|2|3 Gellerpox Mutants|
000003594|1|1 Hell Blade|
000003595|1|1 Hell Talon|
000003596|1|16 Mutoid Vermin|
000003597|1|1 Chaos Lord on Disc of Tzeentch|
000003598|1|1 Hell Blade|
000003599|1|1 Hell Talon|
000003600|1|1 Sorcerer on Palanquin of Nurgle|
000003601|1|1 Hell Blade|
000003602|1|1 Hell Talon|
000003603|1|1 Terrax-pattern Termite|
000003604|1|1 Terrax-pattern Termite|
000003605|1|1 Terrax-pattern Termite|
000003606|1|1 Terrax-pattern Termite|
000003607|1|1 Land Raider Achilles|
000003608|1|1 Land Raider Achilles|
000003609|1|1 Land Raider Achilles|
000003610|1|1 Land Raider Achilles|
000003611|1|1 Land Raider Proteus|
000003612|1|1 Land Raider Proteus|
000003613|1|1 Land Raider Proteus|
000003614|1|1 Land Raider Proteus|
000003615|1|1 Fire Raptor Gunship|
000003616|1|1 Fire Raptor Gunship|
000003617|1|1 Fire Raptor Gunship|
000003618|1|1 Fire Raptor Gunship|
000003619|1|1 Spartan|
000003620|1|1 Spartan|
000003621|1|1 Spartan|
000003622|1|1 Spartan|
000003623|1|1 Deredeo Dreadnought|
000003624|1|1 Deredeo Dreadnought|
000003625|1|1 Deredeo Dreadnought|
000003626|1|1 Deredeo Dreadnought|
000003627|1|1 Cerberus|
000003628|1|1 Cerberus|
000003629|1|1 Cerberus|
000003630|1|1 Cerberus|
000003631|1|1 Kratos|
000003632|1|1 Kratos|
000003633|1|1 Kratos|
000003634|1|1 Kratos|
000003635|1|1 Sokar-pattern Stormbird|
000003636|1|1 Sokar-pattern Stormbird|
000003637|1|1 Sokar-pattern Stormbird|
000003638|1|1 Sokar-pattern Stormbird|
000003639|1|1 Sicaran Battle Tank|
000003640|1|1 Sicaran Battle Tank|
000003641|1|1 Sicaran Battle Tank|
000003642|1|1 Sicaran Battle Tank|
000003643|1|1 Mastodon|
000003644|1|1 Mastodon|
000003645|1|1 Mastodon|
000003646|1|1 Mastodon|
000003647|1|1 Leviathan Dreadnought|
000003648|1|1 Leviathan Dreadnought|
000003649|1|1 Leviathan Dreadnought|
000003650|1|1 Leviathan Dreadnought|
000003651|1|1 Fellblade|
000003652|1|1 Fellblade|
000003653|1|1 Fellblade|
000003654|1|1 Fellblade|
000003655|1|1 Relic Contemptor Dreadnought|
000003656|1|1 Relic Contemptor Dreadnought|
000003657|1|1 Relic Contemptor Dreadnought|
000003658|1|1 Relic Contemptor Dreadnought|
000003659|1|1 Whirlwind Scorpius|
000003660|1|1 Whirlwind Scorpius|
000003661|1|1 Whirlwind Scorpius|
000003662|1|1 Whirlwind Scorpius|
000003663|1|1 Xiphon Interceptor|
000003664|1|1 Xiphon Interceptor|
000003665|1|1 Xiphon Interceptor|
000003666|1|1 Xiphon Interceptor|
000003667|1|1 Rapier Carrier|
000003668|1|1 Rapier Carrier|
000003669|1|1 Rapier Carrier|
000003670|1|1 Rapier Carrier|
000003671|1|1 Storm Eagle Gunship|
000003672|1|1 Storm Eagle Gunship|
000003673|1|1 Storm Eagle Gunship|
000003674|1|1 Storm Eagle Gunship|
000003675|1|1 Sicaran Venator|
000003676|1|1 Sicaran Venator|
000003677|1|1 Sicaran Venator|
000003678|1|1 Sicaran Venator|
000003679|1|1 Typhon|
000003680|1|1 Typhon|
000003681|1|1 Typhon|
000003682|1|1 Typhon|
000003683|1|1 Sicaran Punisher|
000003684|1|1 Sicaran Punisher|
000003685|1|1 Sicaran Punisher|
000003686|1|1 Sicaran Punisher|
000003687|1|1 Falchion|
000003688|1|1 Falchion|
000003689|1|1 Falchion|
000003690|1|1 Falchion|
000003691|1|1 Da Red Gobbo – <span class="kwb">EPIC</span> <span class="kwb">HERO</span>|
000003692|1|1 Grotmas Gitz – <span class="kwb">EPIC</span> <span class="kwb">HERO</span>|
000003693|1|1 Overlord with Translocation Shroud |
000003694|1|1-3 Sydonian Dragoons|
000003695|1|1 Sydonian Skatros|
000003696|1|1 Chapter Master Draaken Vorn - <span class="kwb">EPIC</span> <span class="kwb">HERO</span>|
000003697|1|1 Chapter Champion Facio - <span class="kwb">EPIC</span> <span class="kwb">HERO</span>|
000003698|1|3-6 Inner Circle Companions|
000003699|1|1 Crisis Sunforge Shas’vre|
000003699|2|2 Crisis Sunforge Shas’ui|
000003700|1|1 Crisis Fireknife Shas’vre|
000003700|2|2 Crisis Fireknife Shas’ui|
000003701|1|1 Crisis Starscythe Shas’vre|
000003701|2|2 Crisis Starscythe Shas’ui|
000003702|1|1 Kroot Trail Shaper|
000003703|1|1 Kroot War Shaper|
000003704|1|1 Kroot Flesh Shaper|
000003705|1|1 Kroot Lone-Spear|
000003706|1|3-6 Krootox Rampagers|
000003707|1|1 Big Mek|
000003709|1|1 Ufthak Blackhawk - <span class="kwb">EPIC</span> <span class="kwb">HERO</span>|
000003710|1|1 Yaegir Theyn|
000003710|2|9 Hernkyn Yaegirs|
000003711|1|1 Chaos Lord|
000003712|1|1 Cultist Firebrand |
000003713|1|1 Cultist Champion|
000003713|2|9-19 Chaos Cultists|
000003714|1|1 Canoness With Jump Pack|
000003715|1|1 Benefictus|
000003716|1|1 Acolyte Leader|
000003716|2|4-9 Acolyte Hybrids|
000003717|1|1 Cadian Castellan|
000003718|1|1 Cadian Commander|
000003718|2|4 Cadian Veteran Guardsmen|
000003719|1|One of the following:|
000003719|2|1 Platoon Commander and 4 Veteran Guardsmen|
000003719|3|OR|
000003719|4|1 Platoon Commander, 2 Veteran Guardsmen and 1 Veteran Heavy Weapons Team|
000003720|1|1 Primaris Psyker|
000003721|1|1 Tank Commander|
000003722|1|1 Death Korps Marshal|
000003723|1|1 Death Rider Squadron Commander|
000003724|1|1 Death Rider Commissar|
000003725|1|1 Quartermaster Revenant|
000003725|2|4 Medicae Servitors|
000003726|1|1 Shock Trooper Sergeant and 9 Shock Troopers|
000003726|2|OR|
000003726|3|2 Shock Trooper Sergeants and 18 Shock Troopers|
000003727|1|1 Jungle Fighter Sergeant and 9 Jungle Fighters|
000003727|2|OR|
000003727|3|2 Jungle Fighter Sergeants and 18 Jungle Fighters|
000003728|1|1 Death Korps Watchmaster and 9 Death Korps Troopers|
000003728|2|OR|
000003728|3|2 Death Korps Watchmasters and 18 Death Korps Troopers|
000003729|1|One of the following:|
000003729|2|1 Sergeant and 9 Guardsmen|
000003729|3|1 Sergeant, 7 Guardsmen and 1 Heavy Weapons Team|
000003729|4|2 Sergeants and 18 Guardsmen|
000003729|5|2 Sergeants, 16 Guardsmen and 1 Heavy Weapons Team|
000003729|6|2 Sergeants, 14 Guardsmen and 2 Heavy Weapons Teams|
000003730|1|1 Chimera|
000003731|1|1 Taurox|
000003732|1|1 Taurox Prime|
000003733|1|1 Storm Chimera|
000003734|1|1 Aegis Defence Line|
000003735|1|1 Earthshaker Platform|
000003736|1|1 Hydra Platform|
000003737|1|1 Manticore Platform|
000003738|1|1-2 Sabre Gun Platforms|
000003739|1|1-3 Armoured Sentinels|
000003740|1|1 Rough Rider Sergeant|
000003740|2|4-9 Rough Riders|
000003741|1|1 Baneblade|
000003742|1|1 Banehammer|
000003743|1|1 Banesword|
000003744|1|1 Basilisk|
000003745|1|1 Deathstrike|
000003746|1|1 Doomhammer|
000003747|1|2 Ordnance Teams|
000003748|1|3 Heavy Weapons Teams|
000003749|1|1 Hellhammer|
000003750|1|1 Hellhound|
000003751|1|1 Hydra|
000003752|1|1 Kasrkin Sergeant|
000003752|2|9 Kasrkin Troopers|
000003753|1|1 Leman Russ Battle Tank|
000003754|1|1 Leman Russ Demolisher|
000003755|1|1 Leman Russ Eradicator|
000003756|1|1 Leman Russ Executioner|
000003757|1|1 Leman Russ Exterminator|
000003758|1|1 Leman Russ Punisher|
000003759|1|1 Leman Russ Vanquisher|
000003760|1|1 Manticore|
000003761|1|4 Munitorum Servitors|
000003762|1|1 Master of Ordnance, 1 Officer of the Fleet and 1 Astropath.|
000003763|1|1 Rogal Dorn Battle Tank|
000003764|1|1-3 Scout Sentinels|
000003765|1|1 Shadowsword|
000003766|1|1 Stormlord|
000003767|1|1 Stormsword|
000003768|1|1 Wyvern|
000003769|1|1 Carnodon|
000003770|1|1 Colossus|
000003771|1|1 Crassus|
000003772|1|1 Cyclops Demolition Vehicle|
000003773|1|1 Ridemaster|
000003773|2|4-9 Death Riders|
000003774|1|1 Earthshaker Carriage|
000003775|1|1 Hades Breaching Drill|
000003776|1|1 Macharius|
000003777|1|1 Macharius Vanquisher|
000003778|1|1 Macharius Vulcan|
000003779|1|1 Malcador|
000003780|1|1 Malcador Annihilator|
000003781|1|1 Malcador Defender|
000003782|1|1 Malcador Infernus|
000003783|1|1 Medusa Carriage|
000003784|1|1 Praetor|
000003785|1|1-3 Rapier Laser Destroyers|
000003786|1|1 Stormblade|
000003787|1|1-3 Tarantula Sentry Guns|
000003788|1|1 Trojan Support Vehicle|
000003789|1|1 Valdor|
000003790|1|1 Arkurian Stormhammer|
000003791|1|1 Armageddon-pattern Medusa|
000003792|1|1 Atlas Recovery Vehicle|
000003793|1|1 Centaur Light Carrier|
000003794|1|One of the following:|
000003794|2|1 Grenadier Sergeant and 9 Grenadiers|
000003794|3|1 Grenadier Sergeant, 7 Grenadiers and 1 Heavy Weapons Team|
000003795|1|1 Dominus Armoured Siege Bombard|
000003796|1|1 Elysian Drop Sentinel|
000003797|1|3 Elysian Sniper Teams|
000003798|1|1 Gorgon Heavy Transport|
000003799|1|1 Griffon Mortar Carrier|
000003800|1|1 Heavy Mortar Team|
000003801|1|1 Heavy Quad Launcher Team|
000003802|1|1 Macharius Omega|
000003803|1|1 Minotaur|
000003804|1|1 Mukaali Rider Sergeant|
000003804|2|2 Mukaali Riders|
000003805|1|1 Salamander Command Vehicle|
000003806|1|1 Salamander Scout Vehicle|
000003807|1|1 Sentinel Powerlifter|
000003808|1|1 Stygies Destroyer Tank Hunter|
000003809|1|1 Tauros Assault Vehicle|
000003810|1|1 Tauros Venator|
000003811|1|1 Celestian Sacresant Aveline – <span class="kwb">EPIC</span> <span class="kwb">HERO</span>|
000003812|1|1 Ministorum Priest|
000003813|1|1 Terminator Justicar|
000003813|2|4 Grey Knights Terminators|
000003814|1|1 Watch Captain Artemis|
000003815|1|1 Watch Master|
000003816|1|1 Watch Sergeant|
000003816|2|4-9 Deathwatch Veterans|
000003817|1|1 Corvus Blackstar|
000003818|1|1 Sister Superior|
000003818|2|9 Battle Sisters|
000003819|1|1 Immolator|
000003820|1|1 Inquisitorial Chimera|
000003821|1|1 Chaplain Cassius – <span class="kwb">EPIC</span> <span class="kwb">HERO</span>|
000003821|2|8 Kill Team Veterans:<br><ul style="list-style-type:circle;"><li>Vael Donatus</li><li>Zameon Gydrael</li><li>Rodricus Grytt</li><li>Antor Delassio</li><li>Edryc Setorax</li><li>Jensus Natorian</li><li>Drenn Redblade</li><li>Ennox Sorrlock</li></ul>|
000003821|3|1 Kill Team Terminator (Garran Branatar)|
000003821|4|1 Kill Team Biker (Jetek Suberei)|
000003822|1|1 Deathwatch Terminator Sergeant|
000003822|2|4-9 Deathwatch Terminators|
000003823|1|1 Veteran Biker Sergeant|
000003823|2|2-5 Veteran Bikers|
000003824|1|10 MODELS MAXIMUM|
000003824|2|5-10 Kill Team Veterans|
000003824|3|0-4 Kill Team Veterans with Jump Packs|
000003824|4|0-2 Kill Team Bikers|
000003824|5|0-4 Kill Team Terminators|
000003825|1|10 MODELS MAXIMUM|
000003825|2|5-10 Kill Team Intercessors|
000003825|3|0-4 Kill Team Intercessors with plasma incinerators|
000003825|4|0-4 Kill Team Intercessors with heavy bolt pistols|
000003825|5|0-2 Kill Team Outriders|
000003826|1|10 MODELS MAXIMUM|
000003826|2|5-10 Kill Team Heavy Intercessors|
000003826|3|0-2 Kill Team Heavy Intercessors with power fists|
000003826|4|0-2 Kill Team Heavy Intercessors with melta rifles|
000003826|5|0-2 Kill Team Heavy Intercessors with jump packs|
000003827|1|10 MODELS MAXIMUM|
000003827|2|5-10 Kill Team Infiltrators|
000003827|3|0-2 Kill Team Infiltrators with bolt sniper rifles|
000003827|4|0-2 Kill Team Infiltrators with jump packs|
000003827|5|0-4 Kill Team Infiltrators with occulus bolt carbines|
000003827|6|0-4 Kill Team Infiltrators with combat knives|
000003828|1|1-2 Daemonhosts|
000003829|1|1 Jokaero Weaponsmith|
000003830|1|1 Imperial Rhino|
000003831|1|1 Blood Angels Captain|
000003832|1|1 Death Company Captain|
000003833|1|1 Death Company Captain with Jump Pack|
000003834|1|1 Tempestor Aquilon|
000003834|2|9 Tempestus Aquilons|
000003835|1|1 Death Company Dreadnought|
000003836|1|5-10 Death Company Marines|
000003837|1|5-10  Death Company Marines with Jump Packs|
000003838|1|1 Lieutenant Titus – <span class="kwb">EPIC</span> <span class="kwb">HERO</span>|
000003839|1|1 Tech-Priest Dominus|
000003840|1|1 Tech-Priest Manipulus|
000003841|1|1 Skitarii Marshal|
000003842|1|1 Skitarii Ranger Alpha|
000003842|2|9 Skitarii Rangers|
000003843|1|1 Skitarii Vanguard Alpha|
000003843|2|9 Skitarii Vanguard|
000003844|1|1 Cultist Firebrand |
000003845|1|1 Cult Demagogue|
000003845|2|1 Mindwitch|
000003845|3|1 Iconarch|
000003845|4|2 Blessed Blades|
000003846|1|1 Traitor Enforcer|
000003846|2|1 Traitor Ogryn|
000003847|1|1 Renegade Enforcer|
000003848|1|1 Rogue Psyker|
000003849|1|1 Cultist Champion|
000003849|2|9-19 Chaos Cultists|
000003850|1|1 Cultist Champion|
000003850|2|9-19 Chaos Cultists|
000003851|1|3-6 Torments|
000003851|2|5-10 Mutants|
000003852|1|1 Fellgor Champion|
000003852|2|9 Fellgor Beastmen|
000003853|1|1 Traitor Sergeant|
000003853|2|9 Traitor Guardsmen|
000003854|1|4 Nightmare Hulks|
000003854|2|3 Gellerpox Mutants|
000003855|1|16 Mutoid Vermin|
000003856|1|4 Negavolt Cultists|
000003857|1|3 Renegade Heavy Weapons Teams|
000003858|1|1 Ogryn Pack Master|
000003858|2|3 Chaos Mauler Hounds|
000003859|1|3 Renegade Ogryn Brutes|
000003860|1|3 Renegade Plague Ogryns|
000003861|1|1 Boss Nob|
000003861|2|5 Breaka Boyz|
000003862|1|1 Death Jester|
000003863|1|1 Shadowseer|
000003864|1|1 Solitaire – <span class="kwb">EPIC</span> <span class="kwb">HERO</span>|
000003865|1|1 Troupe Master|
000003866|1|1 Starweaver|
000003867|1|2 Wraithbone Arches|
000003868|1|2-4 Skyweavers|
000003869|1|1 Lead Player|
000003869|2|4-11 Players|
000003870|1|1 Voidweaver|
000003871|1|1 Watch Master|
000003872|1|1 Watch Captain Artemis|
000003873|1|1 Deathwatch Terminator Sergeant|
000003873|2|4-9 Deathwatch Terminators|
000003874|1|10 MODELS MAXIMUM|
000003874|2|1 Kill Team Sergeant with Jump Pack|
000003874|3|2‑9 Kill Team Intercessors with Jump Packs|
000003874|4|0‑5 Kill Team Heavy Intercessors with Jump Packs|
000003875|1|1 Chaplain Cassius – <span class="kwb">EPIC</span> <span class="kwb">HERO</span>|
000003875|2|8 Kill Team Veterans:<br><ul style="list-style-type:circle;"><li>Vael Donatus</li><li>Zameon Gydrael</li><li>Rodricus Grytt</li><li>Antor Delassio</li><li>Edryc Setorax</li><li>Jensus Natorian</li><li>Drenn Redblade</li><li>Ennox Sorrlock</li></ul>|
000003875|3|1 Kill Team Terminator (Garran Branatar)|
000003875|4|1 Kill Team Biker (Jetek Suberei)|
000003876|1|1 Visionary|
000003876|2|4-9 Legionaries|
000003877|1|1 Deathleaper – <span class="kwb">EPIC</span> <span class="kwb">HERO</span>|
000003878|1|1 Parasite of Mortrex|
000003879|1|1 Winged Hive Tyrant|
000003880|1|1 Winged Tyranid Prime|
000003881|1|10-20 Gargoyles|
000003882|1|1 Tyrannocyte|
000003883|1|1 Lictor|
000003884|1|1 Mawloc|
000003885|1|1 Neurolictor|
000003886|1|3-6 Raveners|
000003887|1|1 Trygon|
000003888|1|3-6 Von Ryan’s Leapers|
